business_id,name_x,categories,category_Casual Dining & Drinks,category_Diverse Cuisine & Entertainment,category_Health & Lifestyle,category_Nightlife Essentials,category_Traditional Comfort Foods,category_Sophisticated Eats
yPSejq3_erxo9zdVYTBnZA,Los Agaves,"Mexican, Restaurants",0,1,0,0,0,0
U3grYFIeu6RgAAQgdriHww,Brophy Bros - Santa Barbara,"Cocktail Bars, Fish & Chips, Nightlife, Seafood, Restaurants, Bars",1,1,0,1,0,1
VAIOtbsxdNmuhUKkQZFRlA,Renaud's Patisserie & Bistro,"French, Cafes, Restaurants, Breakfast & Brunch, Food, Sandwiches, Bakeries",1,1,0,0,1,1
IDtLPgUrqorrpqSLdfMhZQ,Helena Avenue Bakery,"Food, Restaurants, Salad, Coffee & Tea, Breakfast & Brunch, Sandwiches, Bakeries",1,1,0,0,0,1
bjhCtlYHrkgA5Ku8l-rB3g,Our Daily Bread,"Restaurants, Cafes, Breakfast & Brunch, Bakeries, Food",0,1,0,0,0,1
hPzPpfSjgQkpWCD7YjcY-A,Lilac Pâtisserie,"Specialty Food, Health Markets, Restaurants, Gluten-Free, Bakeries, Coffee & Tea, Desserts, Breakfast & Brunch, Food",0,1,0,1,1,1
edJoBsse6nsF0BYh6pATAg,The Palace Grill,"Seafood, Cajun/Creole, American (New), Restaurants",1,1,1,0,0,0
CoZ2mpsMBP8HUG1ymKoZTg,Opal Restaurant & Bar,"Seafood, American (New), Sandwiches, Steakhouses, Restaurants, Bars, Nightlife",1,1,0,1,0,0
E7RtIisUoRMcADSebBgNAA,Santa Barbara FisHouse,"Tapas/Small Plates, Desserts, Restaurants, Breakfast & Brunch, Food, Seafood",1,1,0,1,1,0
BQv7ntaOxs80FJAji2U9pg,Harry's Plaza Cafe,"Restaurants, Event Planning & Services, American (Traditional), Venues & Event Spaces",1,0,0,1,0,0
skY6r8WAkYqpV7_TxNm23w,Boathouse at Hendry's Beach,"Seafood, Restaurants, Hawaiian, American (New), Breakfast & Brunch",1,1,1,0,0,0
nYPzsOjvida-ne7swSPHpA,Santo Mezcal,"Latin American, Restaurants, Mexican, New Mexican Cuisine",0,1,1,1,0,0
b1shfPbHpkeWtbGbz5iAtg,Rudy's Mexican Restaurant,"Restaurants, Mexican, Salad",0,1,0,0,0,1
fqStx0SvwMFChX_HIdUeEQ,Wine Cask,"Venues & Event Spaces, Cafes, Wine Bars, Event Planning & Services, Nightlife, Bars, Restaurants, American (New)",1,1,0,1,0,1
2YnQAJdeFrcgPa8MqIYcDg,Cody's Cafe,"Nightlife, American (Traditional), Cafes, Restaurants, Wine Bars, Breakfast & Brunch, Bars",1,1,0,0,0,1
oGDGlUbOjHxmmCh8ZYcDCg,The Lark,"Nightlife, Bars, Cocktail Bars, Food, American (New), Desserts, Restaurants",0,1,0,0,1,1
f3eve2cxUIzyanWnHdMtFQ,Corazon Cocina,"Restaurants, Breakfast & Brunch, Latin American, Mexican, Seafood",1,1,0,1,0,0
scH9yupjqMr-XP3bzJGY0A,Wildwood Kitchen,"Restaurants, Bars, Nightlife, Barbeque, Sandwiches",1,1,0,0,1,0
tf6S06LD09IFDHUpOPqPaw,East Beach Tacos,"Korean, Restaurants, American (New), Mexican, Tacos, Nightlife, Fast Food, Bars",0,1,0,1,1,1
m4kvY0viCwxqRtgOycnKVQ,Mony's Mexican Food,"Restaurants, Mexican",0,1,0,0,0,0
6EizP0XyqITuGZ8GZMI9Lw,Toma Restaurant & Bar,"American (New), Italian, Bars, Restaurants, Nightlife, Food, Beer, Wine & Spirits",0,1,0,0,1,1
q-1ICFSqs2MwDGfe5tX-SQ,Yellow Belly,"American (New), Pizza, Pubs, Nightlife, Bars, Restaurants, American (Traditional), Breakfast & Brunch, Beer Bar",1,1,0,1,0,1
QLHgjBHBoeIUoEvIPvjHnw,Mesa Burger - Santa Barbara,"American (New), American (Traditional), Bars, Restaurants, Salad, Burgers, Ice Cream & Frozen Yogurt, Food, Nightlife, Beer, Wine & Spirits, Beer Bar, Chicken Shop",1,1,1,1,1,1
0CHIbqSkGWBr2KMkIUocEA,Viva Modern Mexican,"Breakfast & Brunch, Venues & Event Spaces, Peruvian, Event Planning & Services, Bars, Nightlife, Latin American, Restaurants, Cocktail Bars, Seafood, Tapas/Small Plates, Mexican",1,1,1,1,0,1
-TjT3y-Glfnbt6LbKETAYg,Benchmark Eatery,"American (Traditional), American (New), Breakfast & Brunch, Restaurants, Seafood, Vegetarian, Nightlife, Event Planning & Services, Bars, Venues & Event Spaces",1,1,0,1,1,0
MbzgGsMQpGyVrUJXi_Jw0Q,Dawn Patrol,"Coffee & Tea, Breakfast & Brunch, Restaurants, American (New), Food",0,1,0,0,0,1
54oLdsGU9B8HxFTqCCqV-A,Via Maestra 42,"Caterers, Italian, Restaurants, Delis, Event Planning & Services",1,0,0,0,0,1
r2IhvKZQ_wLR5mLBnPOilg,The Honor Bar,"Restaurants, Sandwiches, Nightlife, Bars, American (New), Cocktail Bars",1,1,0,0,0,1
3Wy21heeDm8h2tSZfcj6OA,Lure Fish House,"Breakfast & Brunch, Food, Beer, Wine & Spirits, Bars, Seafood, Restaurants, Wine Bars, Cocktail Bars, American (New), Nightlife",1,1,0,0,1,1
EZc2myE2mYk2h9JK9qu8gw,Finney's Crafthouse,"Bars, American (Traditional), Gastropubs, Nightlife, Cocktail Bars, Restaurants, American (New)",1,1,0,1,0,1
4D7QDfPOsSPfKxBi3gs_qQ,Olio Pizzeria,"Pizza, Nightlife, Italian, Restaurants, Bars",0,1,0,0,0,1
omnCKxL0f_akh0eYeJxjDg,Seven Bar & Kitchen,"Lounges, Art Galleries, American (New), Bars, Shopping, Nightlife, Restaurants, Music Venues, Gastropubs, Cocktail Bars, Arts & Entertainment",0,1,1,1,0,1
-3AooxIkg38UyUdlz5oXdw,Chase Restaurant,"Event Planning & Services, Restaurants, Nightlife, Caterers, Italian, Bars",1,1,0,0,0,1
R93mEcQ1pjq7q3LzShi3ow,"Villa Craft Beer, Wine & Kitchen","Bars, Restaurants, Nightlife, Sandwiches, American (New), Tapas Bars, Wine Bars",1,1,0,1,0,1
fiXeirZ9GpJxe7yRpuKiBg,Soul Cal Smokehouse,"Restaurants, Barbeque, Soul Food",0,0,1,0,1,0
eFn-8QlFGdkT_B-bWigtFQ,Rose Cafe,"Cafes, Diners, Restaurants, Mexican",0,1,0,0,1,1
-8iATYRnN46Km0_-ldx6cg,Pace food+drink,"Food, Restaurants, American (New)",0,1,0,0,0,0
XyYsl2OyoMi6OMvzsdcVoQ,MIZZA,"Restaurants, Salad, Sandwiches, Italian, Pizza",1,0,0,0,0,1
UBK6zb5-XUETfVzYkRTj1Q,Lab Social,"Bars, Tapas Bars, Cocktail Bars, Restaurants, Nightlife, Speakeasies",0,1,1,1,0,1
ERzIS-WRLw-80_B4yqcG3Q,Chuck's of Hawaii,"Salad, Steakhouses, Restaurants, Nightlife, Seafood",1,1,0,1,0,1
q36uZc2hQml10YGHazJaoQ,Secret Bao,"Pop-Up Restaurants, Korean, Restaurants, Asian Fusion",0,0,0,1,1,0
cAbdvzqtFLaAAMFIyPf2AA,Holdren's Steaks & Seafood,"Steakhouses, Burgers, Bars, Seafood, Cocktail Bars, Restaurants, Nightlife",1,1,0,1,0,1
j3Ml_qEFnDOaH5miNzG6xw,Rose Cafe No 2,"Restaurants, Mexican",0,1,0,0,0,0
CkENBnSJFfPA1hY0qrqfCg,Carlitos Cafe Y Cantina,"Restaurants, Mexican",0,1,0,0,0,0
eBxc95u_Gcs9bLST0UntOQ,Santa Barbara Chicken Ranch,"Health & Medical, Restaurants, Mexican, Cannabis Clinics, Barbeque",0,1,1,0,1,0
0ac5lGA_0wdKDnib3y59Xg,Flor De Maiz,"Restaurants, Nightlife, Mexican, Bars, Cocktail Bars",0,1,0,0,0,1
eikRexw04kC6siBDkFnayQ,Shalhoob's Funk Zone Patio,"American (New), Tapas/Small Plates, Event Planning & Services, Venues & Event Spaces, Restaurants, Burgers",1,1,0,1,0,1
bXrQejeR66IwebuhxPS7GA,Metropulos Fine Foods,"Restaurants, Delis, Food, Specialty Food, Grocery, Sandwiches",1,0,0,0,1,1
sj2o49ZCq2iJlZxDNrHDaA,Institution Ale Company,"Nightlife, Breweries, Restaurants, Food, Pizza, Beer Bar, Bars",0,1,0,1,0,1
vj6AetpADpHOYtMRZsXX3g,Los Agaves,"American (New), Mexican, Restaurants",0,1,0,0,0,0
Sp4HOjXy-LYV_4yy10L3jg,Modern Times Academy of Recreational Sciences,"Beer Bar, Breakfast & Brunch, Vegan, Bars, Nightlife, Restaurants",0,1,0,1,1,0
4FdsX3MbkcdBRAr1aymF6A,La Paloma Cafe,"Chicken Shop, Desserts, Food, Breakfast & Brunch, Barbeque, Mexican, Bars, Nightlife, Cocktail Bars, Restaurants",0,1,1,0,1,1
304FY8qhcOpm9SIkrzmhoQ,Reunion Kitchen + Drink,"American (New), Restaurants, Salad, Burgers",0,1,0,0,0,1
p5rXRkSJtAKcWd4GY71avQ,The Mex Authentic,"Food, Specialty Food, Nightlife, Restaurants, Local Flavor, Ethnic Food, Beer, Wine & Spirits, Bars, Mexican",0,1,1,1,1,1
rPVmM0aJbC6lU_mnDiZ2Rw,Tee-Off Restaurant and Lounge,"Nightlife, Restaurants, Steakhouses, Bars",0,1,0,1,0,0
AzZqXglv_puXwd4kCvM7ew,Rudy's,"Mexican, Restaurants",0,1,0,0,0,0
kbWKwvLXfJm5sLVfw-Foww,Jill's Place,"Event Planning & Services, Caterers, Sandwiches, Bars, Steakhouses, Delis, Nightlife, Burgers, Cafes, American (New), Restaurants, American (Traditional)",1,1,0,1,0,1
8Lbz0hfE4MWzd7yDu9atBA,Uncorked Wine Tasting and Kitchen,"Nightlife, Wine Bars, Bars, American (Traditional), Tapas/Small Plates, Tapas Bars, Food, Arts & Entertainment, Wine Tasting Room, Wineries, American (New), Restaurants",1,1,0,1,0,1
wMZAnrfwV-qHiV5zdTSrzw,The Creekside Restaurant & Bar,"Restaurants, Cocktail Bars, Salad, Bars, Burgers, American (New), Nightlife, Barbeque",0,1,0,0,1,1
Qkg16mN-8QR66gjzg6gMyw,Convivo Restaurant and Bar,"Bars, Mediterranean, Restaurants, Nightlife, Moroccan, Event Planning & Services, Venues & Event Spaces, Italian",1,1,1,1,0,1
_6p_j0UL7ST3b2nvHw82eA,REBAR COFFEE + KTCHN,"Coffee & Tea, Delis, Food, Bakeries, Restaurants",0,0,0,0,0,1
0t1pU_Ky3Jvgq5Ya_OC1pA,Les Marchands Restaurant & Wine Shop,"Nightlife, Beer, Wine & Spirits, Event Planning & Services, Bars, Food, Venues & Event Spaces, American (New), Wine Bars, Restaurants",1,1,0,1,1,1
UTp0yIaYklWD5BbQKz_85A,Smithy Kitchen + Bar,"American (New), Restaurants, Mediterranean",0,1,0,1,0,0
wvD7TOuE-qUhkyXoi8K8hA,Taqueria El Bajio,"Restaurants, Mexican",0,1,0,0,0,0
iHdrLu8deF5GceB0V1rPhA,Oliver's,"American (Traditional), Vegan, Restaurants",1,0,0,0,1,0
RRGLss4hhvZZuR0N6GQlSw,Nook,"Soul Food, Wine Tasting Room, Food, Restaurants, Arts & Entertainment, Vegan, Mexican, American (Traditional), Nightlife, Wineries, Bars",1,1,1,1,1,0
IoAubn7CpU2rqcURxUo1MA,Barb's Pies,"Restaurants, Pizza, American (New)",0,1,0,0,0,1
LuPK46HMxRYEVTXVbBCR1g,Sama Sama Kitchen,"Cocktail Bars, Farmers Market, Tapas Bars, Food, Desserts, Nightlife, Asian Fusion, Restaurants, Tapas/Small Plates, Bars, Indonesian",0,1,1,1,1,1
0WrdiQ4qJBu2Gc7wRcIfdw,Tupelo Junction Cafe,"Restaurants, Breakfast & Brunch, American (Traditional), American (New), Southern",1,1,1,0,0,0
KSYONgGtrK0nKXfroB-bwg,Loquita,"Event Planning & Services, Nightlife, Tapas Bars, Spanish, Modern European, Bars, Cocktail Bars, Seafood, Venues & Event Spaces, Restaurants",1,1,1,1,0,1
VOcGcN0bvGU_nzxbJgR5jQ,Bettina,"Restaurants, Italian, Pizza",0,0,0,0,0,1
q75UQjNm6AEK4XNnkDLxTQ,The Project -- Corazón Cocina & Taproom,"Breweries, Bars, Burgers, Mexican, Tacos, Cocktail Bars, Club Crawl, Breakfast & Brunch, Beer Bar, Nightlife, Restaurants, Food",0,1,1,1,1,1
7IdIGemGZodDAA_9mJCigA,Farmer Boy,"Breakfast & Brunch, Burgers, American (Traditional), American (New), Restaurants",1,1,0,0,0,1
B1yPXzIIJrLWyTcE4jsYuQ,Goat Tree,"Bakeries, Sandwiches, Food, Restaurants, American (Traditional)",1,0,0,0,0,1
0RxU5OglQyPVtLKC1LPgsA,Bree'osh,"Restaurants, Food, French, Coffee & Tea, Bakeries, Breakfast & Brunch",0,1,0,0,1,1
zbrIMldF_O1ZQ0vpUaaa8A,Bluewater Grill - Santa Barbara,"Seafood, Venues & Event Spaces, Cocktail Bars, Restaurants, Nightlife, Breakfast & Brunch, American (Traditional), Event Planning & Services, Bars, American (New)",1,1,0,1,0,1
d0E938M2_4kcuULUdnj-Xw,Brass Bear Brewing & Bistro,"Wineries, Food, Breweries, Nightlife, Bars, Arts & Entertainment, Champagne Bars, Pubs, American (New), Brewpubs, Restaurants",0,1,1,1,0,0
c_a38vt6v2tRq-VjdTZHZw,The Monarch,"Restaurants, Bars, American (New), Cocktail Bars, Breakfast & Brunch, Wine Bars, Nightlife",0,1,0,0,0,1
IZZ7J14VnJGyUqYH1tgT6w,Satellite,"Restaurants, Vegan, Tapas/Small Plates, Vegetarian, Bars, Farmers Market, Beer, Wine & Spirits, Beer Bar, Food, Cafes, Nightlife, Wine Bars",0,1,0,1,1,1
Hj44PIrCtv61ETVclzLMwg,Jeannine's American Bakery Restaurant,"American (New), Food, Breakfast & Brunch, Restaurants, Bakeries, Coffee & Tea",0,1,0,0,0,1
UiJiURqivPDuvMsFgRF3yQ,The Honey B,"Vegetarian, Gluten-Free, Food, Restaurants, Coffee & Tea, American (New), Vegan, Cafes",0,1,0,0,1,1
IRyKDIF51M0GcqS8yfPcYA,Mesa Cafe,"Restaurants, Bars, Breakfast & Brunch, American (Traditional), Nightlife",1,1,0,0,0,0
oinV9xrSkR3b_T8sK1nsqg,Bibi Ji,"Wine Bars, Restaurants, Indian, Australian, Bars, American (New), Nightlife",0,1,1,1,0,1
KC8_Rx4Orlsz8LIonCYXsA,Santa Barbara Brewing Co,"Breweries, Restaurants, Sports Bars, Nightlife, American (Traditional), Food, Bars",1,1,0,1,0,0
qVitsouI4aBiYx1_Fjn0Pg,Foxtail Kitchen & Bar,"Bars, Mediterranean, Burgers, Restaurants, Gastropubs, Nightlife, Whiskey Bars, Cocktail Bars",0,1,1,1,0,1
hfN0fllM3m2jykAgToRTlQ,Mezza Thyme,"Mediterranean, Bars, Restaurants, Nightlife",0,1,0,1,0,0
-NXRuUsazxXZZ_OHwmtYtw,Uptown Bar & Lounge,"Lounges, Karaoke, American (New), Mexican, Sports Bars, Tacos, Restaurants, Pizza, Bars, Nightlife, Food, Beer, Wine & Spirits",0,1,1,1,1,1
DcRfabRzYkddMEUFyPMBgw,American Ale,"Burgers, Beer Bar, Restaurants, Nightlife, Bars",0,1,0,1,0,1
dinxDxiWFUkEpxpIzaGHMQ,Casa Blanca Restaurant,"Mexican, Restaurants, Seafood",1,1,0,0,0,0
Xw_5QkLTyIEg6Hs-kXGNbg,Galanga Thai Restaurant,"Soup, Thai, Restaurants, Noodles",0,0,0,1,0,0
Y57sylYCgq2VQJuBCnjPfA,Oku,"Bars, Tapas/Small Plates, Japanese, Nightlife, Restaurants, Sushi Bars, Cocktail Bars, Asian Fusion",0,1,0,1,1,1
Ji3XN5gL1aBlbhtFEGpMFA,Mollie's,"Italian, Pizza, Restaurants",0,0,0,0,0,1
k1XGvBoPAXdPoGC2W-f2aA,Kanaloa Seafood,"Restaurants, Specialty Food, Do-It-Yourself Food, Seafood Markets, Food, Caterers, Seafood, Breakfast & Brunch, Event Planning & Services",1,1,1,1,0,1
i5C6RVgr03HSrgCl8oa1Fg,Patxi's Pizza,"Salad, Restaurants, Pizza, Sandwiches, Italian",1,0,0,0,0,1
vyOVT4bcW227LRwJGHTeSw,Buena Onda,"Event Planning & Services, Latin American, Caterers, Food, Restaurants, Empanadas, Argentine",1,0,1,1,0,1
izSgTrqebu8bN8ONOCs6cQ,Oat Bakery,"Bakeries, Vegan, Specialty Food, Food Delivery Services, Food, Coffee & Tea, Gluten-Free, Farmers Market, Restaurants, Organic Stores",0,0,0,1,1,1
YrNtBUOUOYwmRZ_UVwH8iQ,D'Angelo's Bakery,"Restaurants, Food, Breakfast & Brunch, Bakeries",0,1,0,0,0,1
6RBZfirnzE4NahJTn1UPNA,La Super-Rica Taqueria,"Restaurants, Mexican",0,1,0,0,0,0
DOfiulOub9hVPBCtiDl9Fw,Lucky Penny,"American (New), Breakfast & Brunch, Restaurants, Salad, Italian, Nightlife, Bars, Beer, Wine & Spirits, Sandwiches, Coffee & Tea, Wine Bars, Food, Pizza",1,1,0,0,1,1
bp482wqF6v80AltDNlPDfw,The Blue Owl,"Food, American (New), Thai, Restaurants, Asian Fusion, Desserts, Cafes, Sandwiches, Caterers, Event Planning & Services",1,1,0,1,1,1
r926yelr_EJAKQCjdD6AWA,State & Fig,"Restaurants, American (New), Delis, Breakfast & Brunch, Tapas/Small Plates, Cafes",0,1,0,1,0,1
-loV4cB2Uh9TCltTRgGzWQ,Renaud's Patisserie & Bistro,"Coffee & Tea, Breakfast & Brunch, Restaurants, French, Salad, Sandwiches, Desserts, Bakeries, Food",1,1,0,0,1,1
VgAKmXE8B7J0I_O_R13UKQ,Santa Barbara Roasting Company,"Restaurants, Bakeries, Breakfast & Brunch, Food, Coffee Roasteries, Coffee & Tea",0,1,1,0,0,1
9ugpNKKhnYRa51qXoxUw_A,Lilly's Tacos,"Mexican, Restaurants",0,1,0,0,0,0
z-9_8ot2TnKL9DX4k3MYMQ,Palazzio,"Restaurants, Pizza, Italian",0,0,0,0,0,1
FTFaEinJgzqY0ZHQMUSpQQ,The Brewhouse,"Steakhouses, Bars, Brewpubs, Breweries, American (Traditional), Nightlife, Sports Bars, Restaurants, Food, Burgers, Comfort Food, Seafood",1,1,1,1,0,1
SYHDOHRNAH-2xsw3XB5qbg,The Shop Kitchen,"American (New), Food, Restaurants, Coffee & Tea, Breakfast & Brunch",0,1,0,0,0,1
Ss6f5v_t5Vddiaz4ZOxL0g,Andersen's Danish Bakery & Restaurant,"Modern European, Nightlife, Bars, Restaurants, Bakeries, Wine Bars, Food, Scandinavian, Breakfast & Brunch",0,1,1,0,0,1
IoihJkcF2FcE-sHOneat-A,Petit Valentien,"Restaurants, Ethiopian, French",0,0,1,0,1,0
UuRZpgZsHX7PyykHV3wbZg,Crushcakes & Cafe,"Bakeries, Cafes, Coffee & Tea, Food, Desserts, Breakfast & Brunch, Restaurants",0,1,0,0,1,1
gdEZfd6RFXYmmXX71RDvbA,C'est Cheese,"Specialty Food, Cheese Shops, Cafes, Restaurants, Breakfast & Brunch, Wine Bars, Sandwiches, Food, Event Planning & Services, Caterers, Bars, Nightlife",1,1,1,0,0,1
M3LZKA-tVFRJyPeKA3_2OA,Merci To Go,"Food, Cafes, Bakeries, Restaurants",0,0,0,0,0,1
4uspKB1d3pGdgjOClA-UkQ,Cajun Kitchen Cafe,"Restaurants, Cafes, Breakfast & Brunch, Cajun/Creole",0,1,1,0,0,1
COSC9JC0Vjr89CaTZuPkUA,Santa Barbara Craft Ramen,"Ramen, Japanese, Restaurants",0,0,0,1,1,0
hRoAwkrCWaqjBuYs4i9EYw,Taqueria La Colmena,"Mexican, Restaurants",0,1,0,0,0,0
opcGJ-lCNTLhRRuGxVkCnw,Brasserie Solera,"Food, Comfort Food, Brewpubs, Breweries, Restaurants",0,0,1,1,0,0
fiQxkb1pfPpvrr0oYYYBcA,The Daisy Restaurant,"Restaurants, Nightlife, American (New), Food, Farmers Market, Bars, Wine Bars",0,1,0,1,0,1
8MoqZqlNN9AXzG91_Hpc_Q,Dargan's Irish Pub & Restaurant,"Restaurants, Bars, Irish, Nightlife, Pubs, Gastropubs",0,1,1,1,0,0
-FM4CxOg4XXmX_Ebky_SiQ,Finch & Fork,"Breakfast & Brunch, American (New), Restaurants, American (Traditional), Nightlife, Bars",1,1,0,0,0,0
CUWituEeIX3xA0xU7X82Ow,Brasil Arts Cafe,"Juice Bars & Smoothies, Breakfast & Brunch, Brazilian, Restaurants, Food, Salad, Acai Bowls",0,1,1,1,0,1
2bl6G1zgXUHbMGwEocqMSg,Daves Dogs - Cart,"Food Stands, Food, Hot Dogs, Street Vendors, Restaurants",0,0,1,1,0,0
cQDwJjslebJv5Co7gCm2Yw,Cafe Ana,"Donuts, Wine Bars, Bars, Breakfast & Brunch, Bakeries, American (New), Nightlife, Food, Coffee & Tea, Restaurants, Cafes",0,1,0,1,0,1
B_q2xoAgTyn6U4YNEc3kSw,China Pavilion,"Chinese, Food, Dim Sum, Desserts, Coffee & Tea, Restaurants",0,0,0,1,1,1
p2kC-cD22QAQzIGD8ZuqFA,Peet's Coffee,"Coffee & Tea, Restaurants, Food",0,0,0,0,0,1
lBIIzOvyq4z6MDRmkrjpyw,Lao Ma Tou,"Bars, Chinese, Nightlife, Restaurants, Hot Pot",0,1,1,0,1,0
RW3nH6Au6pSCWxJhiGY03Q,Big Eye Raw Bar,"Japanese, Food, Live/Raw Food, Poke, Restaurants, Sushi Bars",0,0,1,1,1,0
-Fka99c-tJ-epWYNIobqyQ,Pizza Mizza,"Food Delivery Services, Food, Restaurants, Pizza, Italian",0,0,0,1,0,1
NIQWO-Q_F598XlAvZnFVCA,Eureka!,"Restaurants, American (Traditional), Lounges, Nightlife, Bars, Burgers, American (New)",1,1,0,1,0,1
jR3sTUWCPuOCWpdm8Pn-wQ,Sun Sushi,"Restaurants, Japanese, Sushi Bars",0,0,0,0,1,0
Vc-hDuD19_eeJ8ULZmLSCw,Stone Age Restaurant,"Restaurants, Barbeque, Chinese",0,0,0,0,1,0
-H-fZonTLitwHFY_PLAIjA,Taffy's Pizza,"Restaurants, Pizza",0,0,0,0,0,1
GyWxMEMzRZJ-mb6OAq7jyA,Taqueria El Pastorcito,"Mexican, Food, Restaurants",0,1,0,0,0,0
CuRjZOmfnXjefwEpyzmTTw,4 Eggs & Pizza,"Vietnamese, Pizza, Breakfast & Brunch, Restaurants, Gluten-Free",0,1,0,1,1,1
GtrY5U_M1ac3bYCk0DUeIg,Three Pickles Subs and Sandwiches,"Food, Restaurants, Delis, Event Planning & Services, Caterers, Sandwiches",1,0,0,0,0,1
k27OsQ3Bwpkr_cZkS2BO2A,Yen Ching Restaurant,"Buffets, Restaurants, Chinese",0,0,1,0,1,0
CziOtnFSklimJnBgksDDwA,Pascucci,"Gelato, Food, Restaurants, Italian, Vegetarian, Gluten-Free",0,0,1,0,1,1
TVX2a4bVuCE2VUIkiLdZrQ,Flavor of India,"Pakistani, Restaurants, Buffets, Seafood, Halal, Indian, Vegetarian, Vegan, Food, Salad, Desserts",1,0,1,1,1,1
hEpRFnkUl4C6NVOVSMiTVg,Sunny Asian Restaurant,"Restaurants, Korean, Asian Fusion",0,0,0,1,1,0
O2lFAWD2WXXx5EKkzPutWQ,Your Place Thai Restaurant,"Thai, Restaurants",0,0,0,1,0,0
04Ss49U_QKYLotcJMAH8cA,Ike’s Love & Sandwiches,"Vegan, Vegetarian, Sandwiches, Restaurants",1,0,0,0,1,0
HOXbILWYZJkNUYYzYK_tZA,Arnoldi's Cafe,"Breakfast & Brunch, Bocce Ball, Event Planning & Services, Beer, Wine & Spirits, Venues & Event Spaces, Italian, Active Life, Food, Wedding Planning, Restaurants",1,1,1,1,1,1
BErYojCJSO959vzaz9JclQ,Savoy Cafe & Deli,"Restaurants, Delis, Coffee & Tea, Breakfast & Brunch, Food, Gluten-Free, Cafes, Beer, Wine & Spirits",0,1,0,0,1,1
gUvG-W-02lg5M1RY6n8bkA,Lilsy Wood Fired Pizza,"Restaurants, Pizza",0,0,0,0,0,1
fApb6LKfOdy5u7MP0hsHKg,Kyoto,"Japanese, Restaurants, Sushi Bars, Vegetarian",0,0,0,0,1,0
hlb7WwqcCijqqbp8zye1dw,Noemi Pizza Romana,"Restaurants, Pizza",0,0,0,0,0,1
52ov7d0148JvYG78_c-Bsw,goa taco,"Tacos, Desserts, Nightlife, Bars, Indian, Mexican, Restaurants, Food, Beer Bar, Wine Bars, Fast Food",0,1,0,1,1,1
gYrHa4CckDjgOQc5B-yTKA,Reds Bin 211,"Food, Bars, Tapas Bars, Restaurants, Pubs, Wine Bars, Nightlife, Coffee & Tea",0,1,0,1,0,1
6m4A_ciUZn1G302yx1YV1w,Santa Barbara Public Market,"Specialty Food, Grocery, Farmers Market, Shopping, Restaurants, Public Markets, Local Flavor, Food",0,0,1,1,1,1
thlyktt2c7v1DyOpSVSibw,Scarlett Begonia,"Cafes, Restaurants, American (Traditional), Cocktail Bars, Breakfast & Brunch, Food, Beer, Wine & Spirits, American (New), Bars, Nightlife",1,1,0,0,1,1
x2ly0NsSTMmMpljpdIZdYA,Cadiz Restaurant & Bar,"Cocktail Bars, Restaurants, Bars, Tapas/Small Plates, American (New), Lounges, Seafood, Spanish, Italian, Nightlife, Mediterranean",1,1,1,1,0,1
8Vo6LN9gqULhXzoxj5k6kQ,The Black Sheep,"American (New), Beer, Wine & Spirits, Food, Japanese, Bars, Asian Fusion, Ramen, Restaurants, Cocktail Bars, Nightlife",0,1,0,1,1,1
AXC__4yZrn-N3BT7-2bV_Q,Biergarten,"Nightlife, Beer Gardens, Restaurants, Pizza, Hot Dogs",0,1,1,1,0,1
Slg6Ec2D7vEBRmgVUfwkzQ,Angel Oak,"Restaurants, Seafood, American (New), Steakhouses",1,1,0,1,0,0
xRapA2lG7mjJ6eOqHmxe-A,Blackbird,"Seafood, Restaurants, Breakfast & Brunch, Lounges, Cocktail Bars, Mediterranean, Bars, Tapas/Small Plates, American (New), Nightlife",1,1,0,1,0,1
XkZwD46WcsAlbpg1inwbLQ,American Ale,"Nightlife, Pubs, Beer, Wine & Spirits, American (Traditional), Burgers, Bars, Food, Restaurants",1,1,0,1,1,1
r8tU21scBflMxWiBESPtRQ,Shang Hai,"Restaurants, Chinese, Vegetarian",0,0,0,0,1,0
apmw_lkLdwWbeYiI9ysdJg,Bar 29,"Restaurants, Bars, Gastropubs, American (Traditional), Cocktail Bars, Nightlife, Tapas/Small Plates, American (New)",1,1,0,1,0,1
l-rGtJt0E7PAklT0IK7oFQ,Four Seasons Resort The Biltmore Santa Barbara,"Hotels & Travel, Hotels, Event Planning & Services, Restaurants, Venues & Event Spaces, Resorts",1,0,1,1,0,0
H4Zf42Q3I8JyQ-V5l4dJrg,Blush Lounge,"Lounges, Cocktail Bars, Bars, Nightlife, Restaurants, Hookah Bars, American (New)",0,1,1,1,0,1
jKocMyXjEqgb9dL9S5vrEA,Yankee Noodle,"Restaurants, Chinese, Nightlife, Burgers, Pizza, Asian Fusion, Ramen, Cocktail Bars, Dim Sum, Bars, Pubs, American (Traditional), Japanese",1,1,0,1,1,1
pKSB4wXLiS8rd1cAEgD8oA,Shaker Mill,"Cocktail Bars, Bars, Restaurants, Breakfast & Brunch, Nightlife, Seafood, Cuban",1,1,1,0,0,1
OrU9wTeHJSLMwyGqYg4FAA,Arch Rock,"Steakhouses, Local Flavor, Nightlife, Fish & Chips, Restaurants, Seafood, Cocktail Bars, Bars",1,1,0,1,0,1
ssZSQ7HzLFBbm41gWubXKQ,Costa Terraza,"Restaurants, Tapas/Small Plates",0,0,0,1,0,0
apdwYbDYSOgD89eEa8yDcw,McDonald's,"Restaurants, Burgers, Food, Fast Food, Coffee & Tea",0,0,0,0,0,1
JiBxL733qjm8WAddu-RzDQ,Broad Street Oyster Company,"Food Trucks, Caterers, Seafood, Restaurants, Event Planning & Services, Food",1,0,0,0,1,1
RjOnk_W82F2brYtpDZ59MA,Cubaneo,"Cuban, Restaurants, Bars, Sandwiches, Nightlife",1,1,1,0,0,0
DEmAmcR4xNilT5WY5ImEFA,Vegan GreenGO,"Mexican, Vegan, Restaurants, Vegetarian",0,1,0,0,1,0
fVUurZgbWXzp2QzDzJzmpA,Pickles & Swiss,"Delis, Gluten-Free, Fast Food, Salad, Sandwiches, Restaurants",1,0,0,0,1,1
uO39--k_hrCFgZh-Bl8m8A,Taqueria Cuernavaca,"Mexican, Tacos, Restaurants",0,1,0,0,1,0
T5serOgucL236udCsZI0jA,Xanadu Bakery,"Restaurants, Bakeries, Food",0,0,0,0,0,1
MJI-bNIn3QDgiGggm9Wp1w,Moby Dick Restaurant,"Seafood, American (Traditional), Breakfast & Brunch, Restaurants",1,1,0,0,0,0
TzNk1TcWLZn0JCpO83hBAA,Stella Mare's,"American (Traditional), American (New), French, Restaurants",1,1,0,0,1,0
l_slvEnh4v3W8BXF1gYlcQ,Baja Sharkeez,"Mexican, Bars, Tex-Mex, Nightlife, Dance Clubs, Sports Bars, Restaurants",0,1,1,1,0,0
o4IiNbNybcy-L4vzTSoDJw,Ca' Dario,"Tuscan, Seafood, Wine Bars, Restaurants, Bars, Nightlife, Italian",1,1,1,0,0,1
45D7B9CqiUTTPUFcqmLx5Q,Live Oak Cafe,"Farmers Market, Food, Fast Food, American (New), Bars, Wine Bars, Breakfast & Brunch, Cafes, Restaurants, Nightlife",0,1,0,1,0,1
0cWnURpfrb4MqKSzyVN4SQ,Alcazar Tapas Bar,"Tapas Bars, Restaurants",0,0,0,1,0,0
Un-UDVOuv1co3TMmGaumxA,Shoreline Beach Cafe,"Cafes, Burgers, American (Traditional), Tacos, Seafood, Restaurants, Mexican",1,1,0,0,1,1
iBBV8vesQ8fo2IQA7an1JA,Jane,"Restaurants, Food, American (New), Wine Bars, Nightlife, Venues & Event Spaces, Bars, Event Planning & Services",1,1,0,1,0,1
y4x_wAQvUxvTR8iV-JP4Jg,On The Alley,"American (Traditional), Seafood, Sandwiches, Restaurants, Burgers, Breakfast & Brunch",1,1,0,0,0,1
5uNCvNy9L6peKeKP1RRPyg,Saigon Vietnamese Restaurant,"Vietnamese, Restaurants, Bars, Seafood, Wine Bars, Vegetarian, Nightlife, Noodles",1,1,0,1,1,1
JjmmSW_QQh2Db4fuIEMATA,Persona Pizzeria,"Food, Italian, Pizza, Fast Food, Gelato, Chicken Wings, Sandwiches, Salad, Restaurants",1,0,1,1,0,1
E1R-xslwl7XeTN5lQ7mWPg,Little Kitchen,"Breakfast & Brunch, Diners, Nightlife, Restaurants, Comfort Food, American (New), Burgers, Salad",0,1,0,1,1,1
z31te0YMSegTdktp3qYqGw,Empress Palace,"Sushi Bars, Szechuan, Cantonese, Restaurants, Chinese",0,0,1,1,1,0
PHSda9zEwtFicCICD6TP1A,Luna Grill,"Mediterranean, Restaurants, Salad, Greek",0,0,1,1,0,1
jssubXBNkiSJIhbKuDtmpQ,Sushi Teri House,"Sushi Bars, Japanese, Restaurants",0,0,0,0,1,0
uZYBF0YTU_iKq4_L_PDtMQ,Zaytoon,"Restaurants, Middle Eastern, Bars, Nightlife, Mediterranean, Lebanese",0,1,1,1,0,0
lu2UpRHLBZfvLG_caNEHKQ,The Natural Cafe,"Restaurants, Vegetarian, Salad, Coffee & Tea, Tex-Mex, American (Traditional), Burgers, Food, Sandwiches, Mexican, Juice Bars & Smoothies",1,1,0,1,1,1
YiSr-W5BBX6uXnhWPxk82Q,Hoffmann Brat Haus,"Beer Bar, Burgers, Belgian, Restaurants, Nightlife, German, Bars",0,1,1,1,0,1
INaAIFXWueRVjgmuNtJTEw,Dutch Garden Restaurant,"Bars, Nightlife, German, Restaurants",0,1,1,0,0,0
Oeaerj6kDDBRGnUh0wLAvA,Woody's BBQ,"Restaurants, Barbeque",0,0,0,0,1,0
SsHMgOW3TT48Z7jeV5beqQ,Kimchi Korean BBQ,"Korean, Barbeque, Restaurants",0,0,0,1,1,0
qyXcWGL5-bU_uV2VKxqzTw,The Habit,"Restaurants, Burgers",0,0,0,0,0,1
2bxZhBk8JZkJ1GqfTB0cUQ,California Pasta,"Caterers, Italian, Food Delivery Services, American (New), Event Planning & Services, Restaurants, Food",1,1,0,1,0,1
IljCDlZnTftfZEruqa4sRQ,The Funk Zone,"Art Galleries, Wine Bars, Shopping, Nightlife, Restaurants, Wineries, Bars, Food, Arts & Entertainment",0,1,1,1,0,1
UA3HxLprLSOO9J6l1iR2Cg,China Palace,"Restaurants, Wine Bars, Seafood, Bars, Nightlife, Chinese, Vegetarian, Dim Sum",1,1,0,1,1,1
nB0dV8yPv29F3-CFMPG8cw,Joe's Cafe,"Steakhouses, Cafes, American (Traditional), Seafood, Breakfast & Brunch, Restaurants, Sandwiches",1,1,0,1,0,1
E_ac8Q20OJD9L8cafCBKaQ,Milk & Honey Tapas,"Restaurants, Food Delivery Services, Nightlife, Cocktail Bars, Food, Tapas Bars, Bars",0,1,0,1,0,1
8RlO6NuhWzXktp-1croq5A,Szechuan Restaurant,"Szechuan, Chinese, Restaurants",0,0,0,1,1,0
QFh-h_OZ5Io-mBk32HN28A,Kyle's Kitchen,"Cafes, Restaurants, Sandwiches, Chicken Shop, Salad, American (New), Burgers, Breakfast & Brunch",1,1,1,0,0,1
uJc9lKaxLNBZch866x4_pA,Marketplace Cafe,"Restaurants, Cafes, Food, American (New), Diners",0,1,0,0,1,1
qdpdUjdkEUpzYDdce2yZng,Plaza Deli,"Sandwiches, Restaurants, Salad, Hot Dogs, Delis",1,0,0,1,0,1
29YqJwOGEuAWqlHZxMc1OA,Paradise Cafe,"American (Traditional), American (New), Nightlife, Restaurants, Seafood, Cafes",1,1,0,0,0,1
TUtf4FLtotdQDleYpRIfnw,California Pizza Kitchen at Santa Barbara,"Restaurants, American (Traditional), American (New), Salad, Pizza, Gluten-Free",1,1,0,0,1,1
oq4-qHT6EJeR81GBDq1OVg,Italian Grocery & Deli,"Food, Sandwiches, Restaurants, Delis, Grocery",1,0,0,0,1,1
3lty2YUwjp61iUqNgKVEMw,Marmalade Cafe,"Breakfast & Brunch, American (New), Cafes, Restaurants",0,1,0,0,0,1
B3kpvT4oLJdQmU9lPnxdKA,Eladio's Restaurant,"Restaurants, Sandwiches, Breakfast & Brunch, Seafood, American (New)",1,1,0,0,0,0
BaWVwChTW_MqkKru_WZp3g,Super Cuca's Restaurant,"Restaurants, Mexican",0,1,0,0,0,0
4xBkP-W_WaOzBiP8yD7yvg,The Nugget Bar and Grill,"Nightlife, Restaurants, Sandwiches, Salad, American (Traditional), Steakhouses, Bars",1,1,0,1,0,1
E8tiSAB6O4TPeVdKR0K5Ug,Rusty's Pizza Parlor,"Pizza, Restaurants, Chicken Wings, Salad, Sandwiches",1,0,0,1,0,1
lqwbnNd_SXzkIK_pkU2FkA,D'Vine,"Sandwiches, Restaurants, Delis",1,0,0,0,0,1
YzcchXErwyb_8FL6bVPwEA,Peabody's,"Bars, Nightlife, American (Traditional), Restaurants",1,1,0,0,0,0
ZJ1rSNQ49v3nbG5qWgwojw,Mexican Fresh,"Mexican, Restaurants",0,1,0,0,0,0
DV0BJwh9qzPqcxufrA_7ag,Sam's to Go - Milpas,"Delis, Salad, Restaurants, Sandwiches, Burgers, American (Traditional)",1,0,0,0,0,1
W7gSJz80DywKnPRIGjA2Bw,Derf's Cafe,"Restaurants, American (Traditional)",1,0,0,0,0,0
kxxexMsFL4xJLIafhXXFlw,Esau's Cafe,"Restaurants, Coffee & Tea, Food, Breakfast & Brunch, Diners",0,1,0,0,1,1
MmN1qpG224QxOeq72DpN2g,Aldo's Italian Restaurant,"Italian, Restaurants",0,0,0,0,0,1
6EPPtwJR1kdIfHiCjzCzuw,The Harbor Restaurant,"Seafood, Restaurants, American (Traditional)",1,0,0,0,0,0
5bDjg02rlg6ODEUT-UQT-A,Rodney's Grill,"Bars, Hotels, Restaurants, Steakhouses, Hotels & Travel, Seafood, Nightlife, Event Planning & Services, Wine Bars",1,1,0,1,0,1
0c28ysQJ_M1fVToTFV-FWQ,Wingman Rodeo - Montecito Street,"Salad, Sandwiches, Vegetarian, Restaurants, Chicken Wings",1,0,0,1,1,1
DqVpNtgFCP47n6frh-LREA,El Paseo Mexican Restaurant,"Restaurants, Mexican",0,1,0,0,0,0
T9I4G6Or3sAbyYmB7c23hw,Tino's Italian Grocery,"Delis, Sandwiches, Food, International Grocery, Restaurants, Ethnic Food, Grocery, Specialty Food",1,0,1,0,1,1
KxTipxTtvRDOntfze34NPw,Ye Olde Butcher Shop,"Specialty Food, Delis, Restaurants, Food, Meat Shops",0,0,0,1,0,1
AmAc0eD6lyVyb7QdOAO1Mg,Soho Restaurant & Music Club,"Music Venues, Bars, Nightlife, Arts & Entertainment, Restaurants, American (Traditional)",1,1,0,1,0,0
DdD7j67fu8kM6DkvY4JCIA,Panaderia Veronica,"Restaurants, Bakeries, Food, Mexican",0,1,0,0,0,1
wfjqxgLSsLtyzswzQBziSw,Panino,"Restaurants, Salad, Soup, Sandwiches, Breakfast & Brunch",1,1,0,1,0,1
kwqXOtLCbNjgvwuMj4H1AQ,Montecito Gourmet by Village Cheese & Wine,"Delis, Nightlife, Bars, Food, Wine Bars, Restaurants, Coffee & Tea, Sandwiches, Wineries, Specialty Food, Arts & Entertainment, Cheese Shops",1,1,1,1,0,1
FH1sTH13rupNdANai7JFxA,The Bourbon Room,"Pizza, Burgers, Restaurants, American (New)",0,1,0,0,0,1
MnAn9IDCGMTXFqUqJ5P53Q,Giovanni's Pizza,"Pizza, Restaurants, Sandwiches, Italian",1,0,0,0,0,1
7oPREWTlY8RIMfwT1R0YYw,SALTY at the Beach,"Nightlife, Bars, Gastropubs, Restaurants, American (New)",0,1,0,1,0,0
o7NjFfP5ENPBLXsSnBcrlg,The French Table,"Gastropubs, French, Restaurants",0,0,0,1,1,0
wX4ap0Qy5ZK6Hy2iKvBqXA,"The Pasta Shoppe, LLC","Food, Desserts, Restaurants, Specialty Food, Pasta Shops, Cafes, Italian",0,0,1,0,1,1
Aes-0Q_guDeYewMapFs_vg,Longboard's Grill,"Nightlife, Seafood, American (Traditional), Bars, Restaurants",1,1,0,0,0,0
5B-m3Nir02zheQnEGopV0w,Killer Shrimp,"Restaurants, Music Venues, American (New), Arts & Entertainment, Nightlife, Seafood, Steakhouses",1,1,0,1,0,0
5Z3uvoIoOFUzTmrBmIJv2g,Nona's Italian Deli,"Restaurants, Sandwiches, Specialty Food, Pasta Shops, Grocery, Food, Ethnic Grocery, Delis",1,0,1,0,1,1
xGaYXbXGwagUKPNEaVqbWw,Eller's Doughnut House & Bakery,"Thai, Restaurants, Food, Donuts",0,0,0,1,0,0
V2cQOeZwPBmjpln6_p1Ygw,Stearns Wharf,"Public Services & Government, Landmarks & Historical Buildings, Local Flavor, Restaurants, Tours, Shopping, Shopping Centers, Seafood, Hotels & Travel, Boat Tours",1,0,1,1,0,0
jW4a3W9-UkFxpglHvo_Kqg,Meun Fan Thai Cafe,"Restaurants, Soup, Salad, Thai",0,0,0,1,0,1
GuzbBFraIq-fbkjfvaTRvg,Mesa Verde,"Garage Door Services, Restaurants, Live/Raw Food, Food, Home Services, Mediterranean, Keys & Locksmiths, Burgers, Vegetarian, Juice Bars & Smoothies, Vegan, Salad",0,0,1,1,1,1
XgehM3pBZWuXi45J2dqRJQ,Green Table,"Juice Bars & Smoothies, Restaurants, Food, Vegan, Cafes, Bakeries, Coffee & Tea, Gluten-Free, Vegetarian, Acai Bowls",0,0,1,1,1,1
Z0mBsgDzDnFAEC5o4X6G9g,Java Station,"Coffee & Tea, Food, Restaurants, Breakfast & Brunch, Bakeries, Sandwiches, Tabletop Games, Shopping",1,1,1,1,0,1
IQPsL4ZKgYpvuN0BJn_yhQ,Mundos,"Restaurants, Desserts, Food, Latin American, Burgers, French, Soul Food, Gluten-Free, Asian Fusion",0,0,1,1,1,1
wJiaLWAxfqDeFsmE2cI8tg,Lazy Acres Market - Santa Barbara,"Health Markets, Food, Juice Bars & Smoothies, Specialty Food, Grocery, Restaurants, Delis, Meat Shops",0,0,0,1,1,1
hDr_bt6MEwlGvGCCKzyzhg,Goleta Coffee Co and Loca Vivant Kitchen,"Restaurants, Coffee & Tea, Breakfast & Brunch, Gluten-Free, Food, Sandwiches, Bagels",1,1,1,0,1,1
HJ_rOClY2RPrdervYopKmQ,Mosto,"Nightlife, Bars, Tapas/Small Plates, Spanish, Restaurants, Coffee & Tea, Cafes, Food, Italian, Wine Bars, Tapas Bars, Burgers",0,1,1,1,0,1
O6RCCmz8-x4NhWJpI8KQug,Breakfast Culture Club,"Nightlife, Coffee & Tea, Art Galleries, Bagels, Bakeries, Coffee Roasteries, Shopping, Coffeeshops, Food, Cafes, Restaurants, Arts & Entertainment",0,1,1,1,0,1
jZncFsMQdrq268OHq_Q6uw,Super Cuca's Taqueria,"Restaurants, Mexican",0,1,0,0,0,0
34Eqv8jXgxg_EEwcsNgeeg,Backyard Bowls,"Health Markets, Coffee & Tea, Ice Cream & Frozen Yogurt, Restaurants, Juice Bars & Smoothies, Breakfast & Brunch, Food, American (New), Specialty Food",0,1,0,1,0,1
s4k1P9FHfPUzw3dqXRp7eA,LOKUM Turkish Delight & Baklava,"Coffee & Tea, Food, Desserts, Turkish, Restaurants, Bakeries",0,0,1,0,1,1
ziXR7sUrbKRCNeDqfjibUg,Rudy's Restaurant No 1,"Restaurants, Mexican, Breakfast & Brunch",0,1,0,0,0,0
E3WUDYEvCVMplIFMgeN1xw,Cajun Kitchen Cafe,"Cajun/Creole, Breakfast & Brunch, Caterers, Restaurants, Event Planning & Services, Burgers",1,1,1,0,0,1
nMn4CTJQPXqpgLltYQrxMA,Cajé Coffee Roasters - Haley St,"Coffee Roasteries, Acai Bowls, Food, Coffee & Tea, Sandwiches, Bagels, Restaurants, Cafes",1,0,1,0,0,1
5lGOPqwxBNR9hfA9mFr2vA,Mac N Cheese After Dark,"Nightlife, Soul Food, Restaurants, Comfort Food, Local Flavor",0,1,1,1,0,0
gsXBNWHWhHv_f9NcwpVajw,Lighthouse Coffee,"Restaurants, Coffee & Tea, Breakfast & Brunch, Food, Cafes",0,1,0,0,0,1
HQ-C47_Xi5it1KzwEc0u0A,Barbarians,"Pizza, Bars, Sports Bars, Restaurants, Nightlife",0,1,0,1,0,1
-fxH1XplVLVtWg2ZJWwRdA,Sam's To Go,"Sandwiches, Restaurants, American (New)",1,1,0,0,0,0
RtJC7xavgAxOITQyAlGCbQ,Tri-County Produce Co,"Coffee & Tea, Restaurants, Specialty Food, Beer, Wine & Spirits, Food, Health Markets, Grocery, Fruits & Veggies",0,0,0,1,1,1
dQ6d9H7rnFSOSC_FXbJ_FQ,Blenders In the Grass,"Juice Bars & Smoothies, Restaurants, Food",0,0,0,1,0,0
KobS8yqBelXH11gaIhZJSg,The Endless Summer Bar Cafe,"Seafood, American (Traditional), Burgers, Bars, Nightlife, Restaurants, Cafes, Sports Bars",1,1,0,1,0,1
5vIfUavd23X3lBzjnnc4QA,Winchell's Donuts,"Food, Donuts, Restaurants, Sandwiches, Coffee & Tea",1,0,0,1,0,1
QfXEdQpBojorGinfCnrKTA,Subway,"Sandwiches, Restaurants, Fast Food, Breakfast & Brunch",1,1,0,0,0,1
425FOxIzHPcOB0niWc6-1w,Spudnuts Donuts,"Food, Restaurants, Donuts",0,0,0,1,0,0
lmKb382_WPMU4svBenUwHA,Gandolfos New York Deli,"Sandwiches, Delis, Restaurants",1,0,0,0,0,1
soaZ7_oU7xcphlw6gpWblg,Starbucks,"Food, Restaurants, Coffee & Tea",0,0,0,0,0,1
ODvaMIpjD6bHiwQ9-kmECw,Vices & Spices From Around the World,"Restaurants, Coffee & Tea, Food",0,0,0,0,0,1
MwJsk91FJ73YzzmpVaJihQ,Los Arroyos Mexican Restaurant & Take Out,"Restaurants, Bars, Caterers, Mexican, Salad, Event Planning & Services, Desserts, Food, Nightlife",1,1,0,0,1,1
bPVPZeqMuYtU_yGCb4P-jg,Empty Bowl Gourmet Noodle Bar,"Comfort Food, Asian Fusion, Chinese, Tapas/Small Plates, Noodles, Thai, Restaurants",0,0,0,1,1,0
_ecVi-tVoaKHKYxNkxFj7w,Dave's Dogs Grill,"Restaurants, Hot Dogs",0,0,0,1,0,0
8_r9EZL6vX5fPBoVh3gUrA,La Playa Azul Cafe,"Mexican, Restaurants",0,1,0,0,0,0
gjCxTVItFxk46rCZ-YaiFA,South Coast Deli- Chapala,"Sandwiches, Restaurants, Delis, Breakfast & Brunch",1,1,0,0,0,1
z9-8KvMAlVK46De-G3sNJQ,Blenders In The Grass,"Fast Food, Food, Acai Bowls, Juice Bars & Smoothies, Restaurants",0,0,1,1,0,1
FEBwxZMEpxRwVXx9Fm0XZw,Chad's,"Diners, Salad, American (Traditional), Breakfast & Brunch, Restaurants",1,1,0,0,1,1
ejqpFQ0dwO7AZhxTO9fySg,Bossie's Kitchen,"Farmers Market, American (Traditional), American (New), Food, Restaurants",1,1,0,1,0,0
grBPIq_eJCT_SGuhvMrUZQ,Blaze Pizza,"Fast Food, Restaurants, Pizza, Salad",0,0,0,0,0,1
2l-spLLGUzRiZg8dF623Nw,1114 Sports Bar & Games,"Beer Bar, Sports Bars, Pubs, Bars, Restaurants, Cocktail Bars, Gastropubs, Nightlife, Tapas Bars",0,1,0,1,0,1
P_QAD4_iMgqTaWd5On_n3g,TAP Thai Cuisine,"Thai, Vegetarian, Noodles, Restaurants, Asian Fusion",0,0,0,1,1,0
5t5fKwgnfaT-ScmfTcxwHg,JJ’s Diner,"Diners, Restaurants, Breakfast & Brunch",0,1,0,0,1,0
vyNMRa4U9gnrCzqR707GZA,Back Door Deli,"Delis, Sandwiches, Restaurants, Breakfast & Brunch",1,1,0,0,0,1
SZU9c8V2GuREDN5KgyHFJw,Santa Barbara Shellfish Company,"Live/Raw Food, Restaurants, Seafood, Beer Bar, Beer, Wine & Spirits, Bars, Food, Nightlife",1,1,0,1,1,0
yEmEDomLUofVtbZoUeFV5g,The Daily Grind Coffee & Tea Station,"Food, Juice Bars & Smoothies, Restaurants, Coffee & Tea, Breakfast & Brunch, Sandwiches",1,1,0,1,0,1
ghLjxj4HoSHdflBEz2lIqA,Gelson's,"Bakeries, Restaurants, Delis, Grocery, Specialty Food, Health Markets, Beer, Wine & Spirits, Food, American (New)",0,1,0,1,1,1
syuKX2pH3JJhOOppzNI6SA,Yoichi's,"Restaurants, Nightlife, Japanese, Bars",0,1,0,0,1,0
6HTGlttrzCMsuGBHO1ZGiw,Barbareño,"Restaurants, American (New), Barbeque, Food, Sandwiches, Wine Bars, Diners, Bars, Specialty Food, American (Traditional), Nightlife",1,1,0,0,1,1
1kVnChI4aqsPw9i2PVqkkw,Fresco Cafe,"American (Traditional), Bakeries, Restaurants, Italian, Breakfast & Brunch, Food",1,1,0,0,0,1
sk0IM8koYo1o9-k_rpkmxQ,Taqueria Santa Barbara,"Bars, Tacos, Mexican, Food, Beer, Wine & Spirits, Beer Bar, Nightlife, Restaurants",0,1,0,1,1,0
-r6nmLB5Vi2TLQCxh0_dtw,South Coast Deli- Carrillo,"Salad, Sandwiches, Restaurants, Delis",1,0,0,0,0,1
3tvi-OJ_-iK1ecjzSaH-oA,Hook And Press Donuts,"Breakfast & Brunch, Coffee & Tea, Bakeries, Desserts, Donuts, Food, Restaurants",0,1,0,1,1,1
1Du1NruqJwxnzgEUHc42Jw,SB Sunshine Cafe,"Restaurants, American (New), Breakfast & Brunch, Diners",0,1,0,0,1,0
YANEffRwcoMTLMfmeY1Y8A,Urkeb,"Sandwiches, Wraps, Kebab, German, Restaurants",1,0,1,0,0,0
a9K3jxNUUe6jr1uh8FsakQ,The Patio Cafe Santa Barbara,"Cafes, Restaurants, Breakfast & Brunch",0,1,0,0,0,1
UFpCraqzFBAhtZqmxmiWsA,Cat Therapy,"Themed Cafes, Cafes, Pets, Arts & Entertainment, Women's Clothing, Coffee & Tea, Shopping, Pet Adoption, Fashion, Pet Sitting, Accessories, Pet Stores, Pet Services, Food, Restaurants",0,0,1,1,0,1
c0p9TawJSQHchy5aL8NWgQ,Rosales Mexican Restaurant,"Mexican, Restaurants, Breakfast & Brunch, Seafood",1,1,0,0,0,0
TCWnTa69sJ3vGQsdEe3Esw,Uncle Roccos Famous NY Pizza,"Pizza, Italian, Fast Food, Restaurants",0,0,0,0,0,1
XHxAIQR-QAz6j1RMaz_J1A,Giovanni's of Santa Barbara,"Pizza, Restaurants, Sandwiches, Salad",1,0,0,0,0,1
IXQH9-nnTWZFgBF0V3MH-A,Cali-Forno Pizzeria,"Sandwiches, Pizza, Restaurants, Italian",1,0,0,0,0,1
L4-_gPiqsuX50JN_-qUhNQ,Jeannine’s American Bakery & Restaurant,"Food, Bakeries, Restaurants, Patisserie/Cake Shop, Cafes, Coffee & Tea",0,0,1,0,0,1
U2hkeMI-q4cS35QolJYN0A,Arigato Sushi,"Restaurants, Sushi Bars, Japanese, Asian Fusion",0,0,0,0,1,0
-ipZBVF9nWm1vzrvQ3444A,Habit Burger Grill,"Restaurants, Burgers",0,0,0,0,0,1
fKrmWy4GFsrgdOYhN9pyZA,Trattoria Vittoria,"Italian, Restaurants",0,0,0,0,0,1
tthy48ZIX_wfY8Dy0Dvg6w,Bouchon,"Seafood, Bars, Wine Bars, American (New), Restaurants, French, Nightlife, Mexican",1,1,0,0,1,1
sxuv5uZU15UHGT_HB1xYxQ,Islands Restaurant,"Bars, Burgers, Restaurants, Nightlife, Sports Bars, American (New)",0,1,0,1,0,1
sor6oj-nuslOcSx7di4urA,Santa Barbara Fish Market,"Seafood, Specialty Food, Seafood Markets, Farmers Market, Restaurants, Food",1,0,0,1,0,1
pqF3WkYktbR28uk2PSR7Rg,The Neighborhood Bar,"Lounges, American (New), Burgers, Cocktail Bars, Bars, Sports Bars, Nightlife, Restaurants",0,1,0,1,0,1
WVNkMz4sEl35swjVtKHOFw,Alessia Patisserie & Cafe ,"Bakeries, Food, Patisserie/Cake Shop, Cafes, Restaurants",0,0,1,0,0,1
oJwMmSZKJOnMboZ_z67MZw,Revolver,"Restaurants, Pizza",0,0,0,0,0,1
CLlnfxaYPTVLKE4VR-U1Yg,La Cocina Mexican Restaurant,"Mexican, Restaurants",0,1,0,0,0,0
yM7eA2uuH3Ch7OYVj3PKSw,Wabi Sabi,"Restaurants, Sushi Bars",0,0,0,0,1,0
C-aATB7SbuwMBPN5dgjghQ,Rusty's Pizza Parlor,"Salad, Sandwiches, Restaurants, Pizza",1,0,0,0,0,1
Hl_vXTiYLozWo7T9Cq17vw,Aperitivo,"Desserts, Food, Bars, Wine Bars, Coffee & Tea, Nightlife, Tapas/Small Plates, Restaurants",0,1,0,1,1,1
PPcz-0UtIJ8O7xDT551y2g,Intermezzo By Wine Cask,"Tapas Bars, Nightlife, Salad, Restaurants, Cocktail Bars, Bars, Wine Bars, Cafes, Pizza, American (New)",0,1,0,1,0,1
T_TX4Lx03Juo4pHF5cMYuA,Ca'Dario Pizzeria Veloce,"Restaurants, Pizza",0,0,0,0,0,1
eukRpR47MDH4XXfU_Dul9Q,Madam Lu,"Restaurants, Chinese",0,0,0,0,1,0
agXY9uFaWAhIzwWsRZB6gQ,Flagstone Pantry,"Specialty Food, Food, Sandwiches, Soup, Restaurants, Salad",1,0,0,1,0,1
1U8Kt44FIkC7RnJsNjaMTA,Teru Japanese Cuisine,"Japanese, Restaurants, Beer, Wine & Spirits, Food, Sushi Bars",0,0,0,0,1,0
EEwmN2uP1PmOyxpTstSIxA,Fernando's Churros,"Desserts, Restaurants, Food, Breakfast & Brunch, Delis, Food Trucks",0,1,0,0,1,1
ddm-u31cWT7Uq097opQUuQ,XO Burger,"Sandwiches, Pop-Up Restaurants, American (Traditional), Restaurants, Burgers",1,0,0,1,0,1
HNACff49-kXS7l0MyLOzHw,Rusty's Pizza Parlor,"Restaurants, Sandwiches, Chicken Wings, Salad, Italian, Pizza",1,0,0,1,0,1
I0jFTYVDs-WHwKR2XHQlRA,Zen Yai Thai Cuisine,"Thai, Restaurants, American (New), Pop-Up Restaurants, Asian Fusion",0,1,0,1,1,0
FQxEfhBd1gMrurP19bhK8w,Mama's Bakery & Deli,"Restaurants, Food, Delis, Bakeries",0,0,0,0,0,1
LdXB3D3gl3ckxZutLmen1g,Miso Hungry,"Food, Japanese, Sushi Bars, Do-It-Yourself Food, Restaurants",0,0,1,0,1,0
a32M9H9nkkPGKTKB5W27NA,Enterprise Fish,"Lounges, Nightlife, Restaurants, Bars, Seafood, American (Traditional), Soup",1,1,0,1,0,0
LIqjZ2fGRbjjMy0ezyuKSQ,Frankland's Crab,"Desserts, Seafood, Food, Salad, Live/Raw Food, Nightlife, Cocktail Bars, Restaurants, Bars, Fish & Chips, Sandwiches",1,1,0,1,1,1
kZtl_NJjUnlIQgzFrBhXyQ,Ichiban,"Restaurants, Japanese, Sushi Bars",0,0,0,0,1,0
v4AMcIZ--hXZuJIg3luUgg,Tamira,"Indian, Restaurants",0,0,0,1,0,0
z6I4QVP1M1HXETgwD92XHg,Olio E Limone Ristorante,"Restaurants, Italian",0,0,0,0,0,1
7wcHZ80HLJVwUijAH_efJQ,Breakwater Restaurant,"Restaurants, American (Traditional), Seafood, Breakfast & Brunch",1,1,0,0,0,0
ZmQHzv1pf0fbk-tm8lu0EA,Downey's,"Seafood, Restaurants, American (New), French",1,1,0,0,1,0
rh6O8NtKJUhqZ0G2Pkpj2Q,Yume Sushi Japanese Restaurant,"Seafood, Restaurants, Sushi Bars, Food, Desserts, Japanese",1,0,0,0,1,0
BwUWmUFKCuJ-nN9vFwMt2Q,Himalayan Kitchen,"Restaurants, Indian, Himalayan/Nepalese",0,0,1,1,0,0
R_8S3Iuhpzoi3nM-xq3kcw,The Daily Grind,"Restaurants, Sandwiches, Breakfast & Brunch, Coffee & Tea, Food, Juice Bars & Smoothies",1,1,0,1,0,1
PVo1orQ9R7ZHfg90QACh-w,Your Choice,"Restaurants, Thai, Food, Chicken Wings, Ice Cream & Frozen Yogurt, Desserts",0,0,0,1,1,0
Hqz96v1ymucUKNzIWfEKXw,Subway,"Restaurants, Delis, Sandwiches, Fast Food",1,0,0,0,0,1
Ak4vFqHZUWU5KXONRnuieQ,Los Altos Restaurant,"Mexican, Breakfast & Brunch, Restaurants, Seafood",1,1,0,0,0,0
mZ-pJSdAVrBa7ioXVzE7-Q,Marbella,"Tapas/Small Plates, Restaurants, Breakfast & Brunch, Seafood, American (New)",1,1,0,1,0,0
c1oDGw0j9-Lxus_Xs7go8g,Itsuki Restaurant,"Japanese, Restaurants",0,0,0,0,1,0
wFES5bGDiPANW13hNHnXOQ,Sakana Sushi Bar & Japanese,"Sushi Bars, Japanese, Restaurants",0,0,0,0,1,0
aFhPwy7OhyKah4cJY2QdEQ,Stonehouse Restaurant,"Restaurants, American (New), Seafood, Steakhouses",1,1,0,1,0,0
23OxrUaCvvVrwSa1z3xG-w,Recipes Bakery & Gifts: An Australian Coffee House,"Breakfast & Brunch, Restaurants, Bakeries, Food, Australian",0,1,1,0,0,1
D_WS8rM-DVygaCKbIErZ6Q,Palapa,"Restaurants, Mexican",0,1,0,0,0,0
CrWrO6KT5KKg_EdhAgKsaw,Cafe Luck,"Lounges, Bars, American (New), Nightlife, Modern European, Restaurants",0,1,1,1,0,0
9u79dIXLQzmt9rnOZEnBaQ,The Habit Burger Grill,"Burgers, Restaurants",0,0,0,0,0,1
DLTwr11KNMA1hEN7OrkY2A,Mac's Fish and Chip Shop,"Seafood, Restaurants, Fish & Chips, British",1,0,1,1,0,0
lXgITG2Ji6mhAPOmw4TRng,Romanti-Ezer,"Food, Restaurants, Mexican",0,1,0,0,0,0
JZrspVMm79n_iHTYftkI0g,La Tapatia Bakery,"Food, Mexican, Restaurants, Bakeries",0,1,0,0,0,1
bd0ew6pTvlP4f5KRfWK5jw,Square One,"American (New), Restaurants",0,1,0,0,0,0
YgS10SCzw13uGiC0wTDiaQ,The Taj Cafe,"Pakistani, Restaurants, Indian",0,0,0,1,0,0
2CqQ3Tnvj7h0rw84WEEjMw,Killer B's BBQ Bar and Grill,"Sports Bars, Restaurants, Nightlife, Bars, Food, Barbeque, American (Traditional)",1,1,0,1,1,0
jMAQupx06hHjie54wV2yNQ,Ruth's Chris Steak House,"Restaurants, Steakhouses",0,0,0,1,0,0
zWwGjQlUEiLS7hCXDkBGzg,Greek House Cafe,"Delis, Restaurants",0,0,0,0,0,1
ygZyTUWS4dbVL8d6vAiN4A,Taqueria Rincon Alteno,"Mexican, Restaurants",0,1,0,0,0,0
zVxDd79gdZcfz-O14QBCrA,Snack Shack,"Beer, Wine & Spirits, Food, American (Traditional), Restaurants",1,0,0,0,1,0
qM2gfO-cqpDzxmIX-XzuWA,Plow & Angel,"American (New), Food, Restaurants, American (Traditional)",1,1,0,0,0,0
hoDYuaDkTNvqAZdxruZADQ,Epic Bowl,"Specialty Food, Breakfast & Brunch, Restaurants, Juice Bars & Smoothies, Food",0,1,0,1,0,1
jWgZRpdHy8csA1sUz1auSw,Daniel's Bakery and Mexican Food,"Bakeries, Mexican, Restaurants, Food",0,1,0,0,0,1
2h3SEwpI6fiuTF9mcN1S_Q,El Zarape,"Restaurants, Mexican",0,1,0,0,0,0
zxW8zECvT_SqejieMMjb5A,Chilango's Mexican Restaurant,"Restaurants, Mexican",0,1,0,0,0,0
sQFk2gZFUCmLhfYX0ufPbA,Kahuna Grill,"Burgers, Restaurants",0,0,0,0,0,1
edDmC1Zcr5SVczbKBfiXqw,Montecito Village Grocery,"Specialty Food, Beer, Wine & Spirits, Grocery, Bakeries, Restaurants, Delis, Butcher, Food",0,0,1,0,1,1
ws0mjFrkanX_sXoUVRh8Uw,Jitters Coffee,"Coffee & Tea, Restaurants, Food",0,0,0,0,0,1
nnn78cplvQGZSMVblpI5gQ,Mandarin Palace,"Chinese, Restaurants",0,0,0,0,1,0
wO4IO1uTN65jkYdaBJCL8A,Rusty's Pizza Parlors,"Restaurants, Pizza",0,0,0,0,0,1
0nR7jHCkFEzmA1n2b5g1nw,Basil's Italian,"Sandwiches, Delis, Pizza, Italian, Restaurants",1,0,0,0,0,1
jshnKTsnoXLSez5XD1qo7Q,McDonald's,"Coffee & Tea, Fast Food, Food, Restaurants, Burgers",0,0,0,0,0,1
0qu0fNTOsSmuREYVIMPuIQ,Cold Spring Tavern,"American (Traditional), Restaurants, Bars, Nightlife",1,1,0,0,0,0
EXYbKA1tocvOK_1tXxZXLA,Sushi GoGo,"Sushi Bars, Japanese, Restaurants",0,0,0,0,1,0
zeAfmYy9b1gfUJLRBHm6vQ,Presto Pasta,"Restaurants, Italian",0,0,0,0,0,1
WQnjp_CEYTYKBBKJDME0bQ,Vons,"Flowers & Gifts, Restaurants, Grocery, Food, Bakeries, Shopping, Florists",0,0,1,1,1,1
RXA9eUawmrYkToXhjKHyIQ,Yanni's Greek & American Deli,"Restaurants, Gas Stations, Delis, Automotive, Greek",0,0,1,0,0,1
k6Ptrc94R-Mk549pDEVTFA,The Natural Cafe,"Restaurants, Vegetarian, Tex-Mex, Sandwiches",1,0,0,1,1,0
ZrxlfdFU_qpnIHI2DmoRxA,Mesa Pizza,"Pizza, Restaurants, Italian, Vegan, Gluten-Free, Sandwiches",1,0,0,0,1,1
ng12rnK6ZGFddlC15c6Pqg,Haggen Food & Pharmacy,"Beer, Wine & Spirits, Grocery, Bakeries, Delis, Food, Restaurants",0,0,0,0,1,1
9dp3hVDlQ0VtjPW_7ISoXg,Chuck's Waterfront Grill,"Seafood, Restaurants, Steakhouses",1,0,0,1,0,0
ZYqNIWch6Ik9wLZCa1hxkw,Tacos Pipeye,"Mexican, Restaurants",0,1,0,0,0,0
YgbIbmfDlB-bZSsjuIfKwA,Jack's Bistro and Famous Bagels,"Coffee & Tea, Food, Bagels, Breakfast & Brunch, Restaurants",0,1,1,0,0,1
Ce6B2-CYAjGvRZe3GKyxYA,Rusty's Pizza Parlor,"Restaurants, Pizza, Salad, Chicken Wings",0,0,0,1,0,1
NuMR1xJu6Ewxaicc4yLOFw,Chick-fil-A,"Restaurants, Sandwiches, Chicken Shop, Chicken Wings, Fast Food, Caterers, Event Planning & Services",1,0,1,1,0,1
EzhRlsTdACV60rOgrGYyqA,IHOP,"Restaurants, Breakfast & Brunch, American (Traditional), Burgers",1,1,0,0,0,1
crlk8kaurC4zrPUTt7BevQ,Chubbies Hamburgers,"Restaurants, Burgers",0,0,0,0,0,1
R0U0K_qvwOQbQwPhhKw4Ew,Steve's Patio Cafe,"Restaurants, Breakfast & Brunch",0,1,0,0,0,0
sdzD-6O7eKIYgF9WzOuasg,Max's Restaurant & Cucina,"Restaurants, Italian, American (Traditional), Breakfast & Brunch",1,1,0,0,0,1
Qsd_S2f7fNFqngx2amRE7A,Sojourner Cafe,"Sandwiches, Vegan, Cafes, Vegetarian, Restaurants",1,0,0,0,1,1
FE5R_F7svUphKeUWuxA0JA,Del Pueblo Cafe,"Mexican, Restaurants",0,1,0,0,0,0
b2Za53CjptGyf9K0fFnrAg,Petrini's Italian Restaurant - Santa Barbara,"Restaurants, Pizza, Italian",0,0,0,0,0,1
xVtO6a4dqKQQzMXkSPL80A,Presidio Market,"Restaurants, Grocery, Food, Delis, Beer, Wine & Spirits",0,0,0,0,1,1
xv_nZ8E7DFiKDjFi9syKsQ,El Pollo Loco,"Restaurants, Mexican, Fast Food",0,1,0,0,0,1
vi5xjfEhV6rnXrC_GbdhnA,El Rincon Bohemio,"Mexican, Restaurants",0,1,0,0,0,0
WUGRmrfSzQCyeG6mYAM-vw,Yona Redz,"Restaurants, Latin American, Mexican, Tacos",0,1,0,1,1,0
Qsoq2TGOe59LZy7z6KbQjA,Domino's Pizza,"Restaurants, Pizza, Sandwiches, Chicken Wings",1,0,0,1,0,1
RDjtVGc0c04ZIR6em1hCbQ,Nicky D's Wood fired Pizza,"Pizza, Restaurants",0,0,0,0,0,1
RdFgbrE_8sf6NImEMopaPQ,Beachbreak Cafe,"Restaurants, Breakfast & Brunch, American (Traditional), Cafes",1,1,0,0,0,1
lnGHZ_pEJNGT9pcGQ467Ew,Treehouse Restaurant,"American (Traditional), Restaurants",1,0,0,0,0,0
2GiqDUNiTt5__ixRbzbqFw,Santa Barbara Harbor & Seafood Festival,"Food, Local Flavor, Seafood, Arts & Entertainment, Shopping, Festivals, Restaurants, Arts & Crafts",1,0,1,1,0,0
a1E2BPYnufFzb6YX2pplJg,Wahoo's Fish Tacos,"Seafood, Restaurants, Mexican",1,1,0,0,0,0
YB689VFiOlzUTBRPiauDFA,Terraza Cafe,"American (Traditional), Restaurants, Mexican, American (New)",1,1,0,0,0,0
Qi-A4ZgcEuSnq_8Fpfo_3Q,Our Lady of Guadalupe Mercado,"Mexican, Arts & Entertainment, Festivals, Restaurants, Religious Organizations, Churches",0,1,1,1,0,0
fLk_N8vU25DNZmbU-70gkw,Chipotle Mexican Grill,"Restaurants, Fast Food, Mexican",0,1,0,0,0,1
6VVbLYay8czrjKJ4xRoTxQ,Judge For Yourself Cafe,"Restaurants, Breakfast & Brunch",0,1,0,0,0,0
Ksz_jsyyK3Zjlq_Cz81ZBA,Adama Vegan Comfort Cuisine,"Restaurants, Vegetarian, Vegan",0,0,0,0,1,0
MG0IlmvAILSzRE4E1gk5hA,Tacos El Rey,"Restaurants, Mexican",0,1,0,0,0,0
YGgGefpPTFhgthvQvMAGoQ,Lito's Take  Out,"Food, Mexican, Restaurants, Seafood, Desserts",1,1,0,0,1,0
NMnn6FJkW802ldqdgScVxQ,Las Aves Cafe,"Mexican, Restaurants",0,1,0,0,0,0
y1ZPi7c6sSkWdE1p2vUo-Q,PizzaRev,"Pizza, Salad, Restaurants",0,0,0,0,0,1
ebJav941naDgngDP2EIRHw,Panda Express,"Fast Food, Chinese, Restaurants",0,0,0,0,1,1
HGRR2w9KddspVBYA-4bSlQ,Sunnyside Market & Deli,"Delis, Grocery, Delicatessen, Coffee & Tea, Restaurants, Food",0,0,1,0,1,1
wUHUyTrOpUcTVTQpyZFo8w,McDonald's,"Fast Food, Restaurants, Coffee & Tea, Food, Burgers",0,0,0,0,0,1
0LXeNx7wGTqbMSwKkGC3xg,Altamirano Mexican Restaurant,"Mexican, Restaurants",0,1,0,0,0,0
4yBeWUqxuru02oZccjDN7Q,Taqueria Altamirano,"Restaurants, Mexican, American (New)",0,1,0,0,0,0
Tfo88MgUweNHyOMfQ6TYGw,Bay Roadhouse Bar and Grill,"Seafood, American (New), Restaurants",1,1,0,0,0,0
EC9-hDcyqE8c_m03X3VhIQ,Panera Bread,"Restaurants, Sandwiches, Soup, Salad",1,0,0,1,0,1
U1lGcthY52-LUPdxhV3qVw,Paesano's Pizzeria,"Pizza, Restaurants",0,0,0,0,0,1
4WCyuH0Dc6DAD79AyC0-iw,Estilo Jalisco,"Mexican, Restaurants, Event Planning & Services, Party & Event Planning",1,1,0,1,0,0
W7zCBDLFv13fDzRXJefrrA,Mayo's Carniceria & Tacos,"Mexican, Restaurants",0,1,0,0,0,0
8JzURExziDYuCrd7Ve9nDQ,Los Tarascos Bakery and Deli,"Delis, Food, Restaurants, Bakeries",0,0,0,0,0,1
Fg68C3AwFu74dXMhgX3qIw,Carl's Jr,"Burgers, Fast Food, Restaurants",0,0,0,0,0,1
5tVPbd0gJZHyEEWpXW7vCg,Wing's Restaurant,"Restaurants, Chinese",0,0,0,0,1,0
3GcXSZQ65Np5N1N4a-DK_w,Restaurant OPEN,"American (New), Restaurants, Breakfast & Brunch, Food Delivery Services, Food, Personal Chefs, Shopping, Cafes, Event Planning & Services, American (Traditional), Burgers, Seafood, Professional Services, Personal Assistants",1,1,1,1,0,1
mQ9CsjWobwak1PMvZTSPQg,Jersey Mike's Subs,"Restaurants, Fast Food, Sandwiches, Delis",1,0,0,0,0,1
jh40gx3wcYX0NL_i2Dip-A,Sal's Pizza,"Chicken Wings, Restaurants, Italian, Pizza",0,0,0,1,0,1
uozdxwCZUHPubziu76Y2Ag,Farmer Boy,"Breakfast & Brunch, Restaurants, American (New)",0,1,0,0,0,0
oktohqIGhMQxOP7h5ugHlg,Julienne,"Restaurants, American (New), Seafood, French",1,1,0,0,1,0
Ow29cE1wS-_LrfN7jEuDPA,Ahi Sushi,"Japanese, Sushi Bars, Ramen, Restaurants",0,0,0,1,1,0
ZKi4F9BlA46rLvLyeIE3VA,Pacific Crêpes,"Wine Bars, Restaurants, Gluten-Free, French, Bars, Nightlife, Creperies",0,1,1,0,1,1
-kfHz1kimX62QEceFkkB_g,Edomasa,"Restaurants, Sushi Bars, Japanese",0,0,0,0,1,0
3fpAmsSuEFNF29UUPpgwlw,Spudnuts & Bagels,"Restaurants, Bagels, Coffee & Tea, Food, Bubble Tea, Donuts",0,0,1,1,0,1
Ey0t4U6yqtxCeMaGPf7GcA,Brummis - the German Taste,"German, Restaurants",0,0,1,0,0,0
8MQNb0Cnkfq-G1OIViukjQ,Seagrass Restaurant,"Steakhouses, American (New), Seafood, Restaurants, Latin American",1,1,0,1,0,0
fnGZspqyamRremXor0sAyg,Frog Bar & Grill,"Restaurants, American (Traditional), Nightlife, Bars, Cocktail Bars",1,1,0,0,0,1
8FgcWn7bdMC-TMrE4Q3xMg,Bangkok Palace,"Thai, Restaurants",0,0,0,1,0,0
-Lwq2vdrQolANLzEbYMPpQ,Le Crepe Shoppe,"French, Creperies, Restaurants",0,0,1,0,1,0
RKuAfE06rDcetvOTI5MbbA,Taqueria El Buen Gusto,"Tacos, Restaurants, Mexican",0,1,0,0,1,0
mAqgsZBTN-wsShMpkz2o9g,Cantwell's Market & Deli,"Food, Breakfast & Brunch, Grocery, Sandwiches, Beer, Wine & Spirits, Meat Shops, Delis, Specialty Food, Restaurants, Health Markets",1,1,0,1,1,1
EtM079Cj7-B3G7jPsGYb_Q,Sandbar,"Nightlife, Arts & Entertainment, Restaurants, Dance Clubs, Bars, Music Venues, Mexican, Sports Bars",0,1,1,1,0,0
icGg8xgDJVufg-xptMrDGw,Denny's,"Restaurants, Coffee & Tea, American (Traditional), Breakfast & Brunch, Food, Diners",1,1,0,0,1,1
9h0i4lVC5eCVhRTanWsEAg,Le Cafe Stella,"Restaurants, American (New), French",0,1,0,0,1,0
vTXNVK73GOvVb3js4w8SLg,Domino's Pizza,"Restaurants, Pizza, Chicken Wings, Sandwiches",1,0,0,1,0,1
zJpZ-uQ_F0XVgK1u98uWSg,Gloria's Gourmet Kitchen,"Food Trucks, Tacos, Mexican, Salad, Food, Restaurants",0,1,0,0,1,1
j-lxie7nEh3UeUTpiqekkQ,Presto Pasta,"Italian, Restaurants",0,0,0,0,0,1
v1Uesklh8DpEufYOhTq4iA,Mar Monte Hotel - Hyatt,"Hotels, Restaurants, Beauty & Spas, Hotels & Travel, Day Spas, Event Planning & Services",1,0,1,1,0,0
g0lCOgLkkByZrhmwYzP5KA,Nuance,"Nightlife, Cocktail Bars, American (New), Bars, Restaurants",0,1,0,0,0,1
hVKH5oED9NgGaZeIiF547A,Backyard Bowls,"Restaurants, Food, Juice Bars & Smoothies, Breakfast & Brunch",0,1,0,1,0,0
9uJuBPIQyrC0v9pVv3JKRQ,Panera Bread,"Bagels, Sandwiches, Soup, Restaurants, Bakeries, Salad, Breakfast & Brunch, Food",1,1,1,1,0,1
eHRzuUXA2jrR99ecioWU4g,Union Ale,"Bars, American (Traditional), Restaurants, Cocktail Bars, Nightlife",1,1,0,0,0,1
BZq27sUTa_hruRKXr1x54g,I'a Fish Market and Cafe,"Poke, Seafood, American (Traditional), Specialty Food, Seafood Markets, Food, Restaurants",1,0,1,1,0,1
Go-vuNoQ64pojSRJ580SJQ,Velvet Jones,"Restaurants, Music Venues, Pizza, Bars, Nightlife, Arts & Entertainment, Event Planning & Services, Venues & Event Spaces",1,1,0,1,0,1
OFfJsY9KeOyelk46m_jzzw,Blue Tavern,"American (New), Restaurants, Peruvian",0,1,1,0,0,0
n0Z10UAJO187H8Zp8gl-rw,Arlington Tavern,"Restaurants, Nightlife, American (New)",0,1,0,0,0,0
-TArOdux8Z4oH-jIM1FJuQ,Bistro 1111,"Breakfast & Brunch, American (New), Restaurants",0,1,0,0,0,0
PGVZjuHpB5s5jFMKqKdCmw,Our Daily Bread,"Bakeries, Food, Restaurants, Gluten-Free, Breakfast & Brunch",0,1,0,0,1,1
Hlx8S2GLF7hMuIKx4sU-gg,Cesar's Place,"Mexican, Restaurants, Fish & Chips",0,1,0,1,0,0
lTVHJAvtFQbQb6cPstEXyA,China Bowl & State Street Cafe,"American (New), American (Traditional), Chinese, Restaurants",1,1,0,0,1,0
FH0MVF7kK0D76Hh4e7hXfQ,Jeannine's American Bakery Restaurant,"Food, Breakfast & Brunch, Bakeries, Restaurants, Coffee & Tea",0,1,0,0,0,1
6afesz8yZhjOgijkWl4jig,The Coffee Bean & Tea Leaf,"Food, Restaurants, Coffee & Tea",0,0,0,0,0,1
agXGQ4DH4SqxtJxBHKjWIg,Muddy Waters Cafe,"Jazz & Blues, Music Venues, Arts & Entertainment, Nightlife, Restaurants, Bars, Local Flavor, Bagels, Food, Beer, Wine & Spirits, Dive Bars, Delis, Coffee & Tea",0,1,1,1,1,1
UjgqSqa4Biy34pHSEdwj_g,Gino's Sicilian Express,"Italian, Salad, Pizza, Restaurants, Sandwiches",1,0,0,0,0,1
vhWlxyLEWAbNOMtQ42yzFg,Norton's Pastrami & Deli,"Gluten-Free, American (New), Restaurants, Sandwiches, Salad, Steakhouses, Delis, American (Traditional)",1,1,0,1,1,1
8A5LSwsKK5vXDH1M3_Tf1w,"The Ritz-Carlton Bacara, Santa Barbara","Restaurants, Beauty & Spas, American (New), Event Planning & Services, Hotels, Massage, Resorts, Day Spas, Hotels & Travel, Venues & Event Spaces",1,1,1,1,0,0
hdCu74rz33m3EgDmdDn1SA,Dave’s Dogs,"Hot Dogs, Restaurants",0,0,0,1,0,0
7wSnkgOORRCqVDa_n8Upxg,Garrett's Old Fashioned Restaurant,"Restaurants, Breakfast & Brunch, Sandwiches, American (Traditional)",1,1,0,0,0,0
U897DhJaaa3qyr1PVjxfWQ,Georgia's Smokehouse,"Barbeque, Food Trucks, Restaurants, Caterers, Event Planning & Services, Food",1,0,0,0,1,1
pwblP3G6LkVT03I4z9kb0A,Mad Dogs,"Hot Dogs, Restaurants",0,0,0,1,0,0
m4xrhESFLaA7PiddXeg2aw,Pierre Lafond Wine Bistro,"Bakeries, Food, Delis, Bars, Wine Bars, American (New), Local Flavor, Italian, Nightlife, Restaurants",0,1,0,1,0,1
ks1BsT_1dncllU4YM7C2Qw,805 Deli,"Sandwiches, Restaurants, Caterers, Soup, American (Traditional), Breakfast & Brunch, Delis, Event Planning & Services",1,1,0,1,0,1
AgiBcv5rKdV9QIO5yF7w8g,Harbor of Santa Barbara Inc,"Active Life, Restaurants, Boating",0,0,1,0,0,0
iOYjF9CY-X3KY5wS5opyfg,Cliff's & Co Restaurant,"Event Planning & Services, Party & Event Planning, Restaurants, Caterers, American (Traditional), Mexican",1,1,0,1,0,1
Gz3vi3dVKMylBb8HV1tP8Q,Blenders In the Grass,"Juice Bars & Smoothies, Food, Restaurants, Vegetarian",0,0,0,1,1,0
n67s7eDowWHlfhVtCElxGQ,Belcampo Meat Co Restaurant,"Food, Meat Shops, American (New), Burgers, Breakfast & Brunch, Specialty Food, Restaurants",0,1,0,1,0,1
w79qtK0PpeDWrnY7E-uTRg,Taco Bell,"Fast Food, Breakfast & Brunch, Restaurants, Mexican, Tex-Mex, Tacos",0,1,0,1,1,1
ezecrJKXHg4MgKVMHeAJ1g,Santa Barbara Wine Spa,"Active Life, Pizza, Beauty & Spas, Restaurants, Day Spas, Golf, Health & Medical",0,0,1,0,0,1
HrnSaz2f1WUEoAQQ6iD6gw,Lemon Tree Inn,"Restaurants, Nightlife, Hotels & Travel, Hotels, Italian, Event Planning & Services",1,1,0,1,0,1
7yR4oQcapZBKCkRLB3Isig,El Torito,"Mexican, Restaurants, Cocktail Bars, Nightlife, Bars",0,1,0,0,0,1
_cWBP-lW9RETw77prVle1g,Bitterman's Deli,"Delis, Restaurants",0,0,0,0,0,1
S7Cl9gYqaC9jlw32yd4_Yg,Starbucks,"Food, Coffee & Tea, Restaurants",0,0,0,0,0,1
L9QTAucz_in5f-ufCrvb1Q,Live Culture,"Food, Restaurants, Wine Bars, Coffee & Tea, Bars, Nightlife, Ice Cream & Frozen Yogurt",0,1,0,1,0,1
i9ASBmmIJS3RjN_UP-TtKw,Starbucks,"Restaurants, Food, Coffee & Tea",0,0,0,0,0,1
oTcezJoCe30NrwiNFsoLXQ,The Little Door - Santa Barbara,"Restaurants, French, Bars, Nightlife, Wine Bars, Mediterranean",0,1,0,1,1,1
4ejnTeRzv8z102DBIWjQLg,Ca' Dario Pizzeria,"Pizza, Restaurants",0,0,0,0,0,1
YXaCcpETNtxrNNK6TbUTlw,Sachi Ramen And Robata Bar,"Ramen, Vegetarian, Sushi Bars, Japanese, Restaurants",0,0,0,1,1,0
bVaRZDHkWdsHuARGxxpREw,Sushi Bar 29,"Japanese, Restaurants, Noodles, Sushi Bars",0,0,0,1,1,0
lNECraPTMtUPDJPjmF0tVA,Crocodile Restaurant & Bar,"Hotels & Travel, Event Planning & Services, American (New), Italian, Hotels, Restaurants, Pizza, Breakfast & Brunch, Bars, Nightlife",1,1,0,1,0,1
v5jxpGnKbx3vVxs28dgokQ,Saigon Vietnamese Restaurant,"Restaurants, Vietnamese, Vegetarian",0,0,0,1,1,0
CF1Gj1KGL13QcDkUwOvS3g,iGrill Korean BBQ,"Barbeque, Restaurants, Korean, Food",0,0,0,1,1,0
3fH5YQKRJu55TFPnMhv1ZQ,Freeman's Flying Chicken,"Barbeque, American (Traditional), Cuban, Restaurants",1,0,1,0,1,0
Slihcg1bmYvw-V_FUFghLg,Harbor Meat & Seafood,"Seafood, Food, Specialty Food, Meat Shops, Restaurants, Seafood Markets",1,0,0,1,0,1
cVW9b_1bqsvTU1jhGNWUsw,Yoshinoya,"Japanese, Restaurants, Asian Fusion, Fast Food",0,0,0,0,1,1
USVks6B2Xkf0WLmLIiXqMA,The Hungry Cat,"Wine Bars, Restaurants, American (New), Nightlife, Seafood, Cocktail Bars, Bars",1,1,0,0,0,1
oS02owt-XB2RtDbogYyn-A,The Coffee Bean & Tea Leaf,"Food, Coffee & Tea, Restaurants",0,0,0,0,0,1
lbHEB5BIm-3GfpvdzSwFLw,Billies,"Bars, Local Flavor, Diners, Nightlife, Restaurants",0,1,0,1,1,0
vDBfhX1XI4uRWBCQQNRsUg,TAP Thai Cuisine,"Restaurants, Thai",0,0,0,1,0,0
64Rl3pT4Md4-8ckeaNVZCQ,Bucatini,"Soup, Wine Bars, Restaurants, Nightlife, Bars, Italian",0,1,0,1,0,1
OM5beWRkxZSu1TShUC3EDw,The Drunken Crab,"Food, Specialty Food, Seafood, Cajun/Creole, Restaurants",1,0,1,0,0,1
XwnkfMUiyH-OsJXbmbOK5g,Sushi Tyme,"Restaurants, Asian Fusion, Seafood, Sushi Bars, Japanese",1,0,0,0,1,0
OzGk7arJv6FPrWqaYSvyKQ,Choi's Oriental Market,"Food, Grocery, Korean, Restaurants, International Grocery",0,0,1,1,1,0
vZG0BDPGDJxMGiXcGoVU6w,SB Munchiez,"Restaurants, Nightlife, Burgers, American (Traditional), American (New), Fast Food, Sandwiches, Food Delivery Services, Food",1,1,0,1,0,1
w1l5vu31SJgPLTp6nlLWEg,Le Petit Bistro,"Desserts, Food, Restaurants, Breakfast & Brunch, French",0,1,0,0,1,0
PgtqA056auCp5EbcZMbXPQ,Trattoria Mollie,"Food, Restaurants, Desserts, Wine Bars, Bars, Italian, Nightlife",0,1,0,0,1,1
MX2YGruhd0sMNHZGK7p5-Q,Bella Vista,"Restaurants, American (New), Italian, Breakfast & Brunch, Seafood",1,1,0,0,0,1
lmQjsnT_IK_OOdsbghiojw,Miro,"Restaurants, Mediterranean, Basque, American (New)",0,1,1,1,0,0
7kLn2XsFwyJ-yFn4qx40TQ,Buena Onda at Mosaic Locale,"Comfort Food, Bakeries, Food, Desserts, Restaurants, Empanadas, Argentine",0,0,1,1,1,1
tS47dXDlx9t-6B_F56cKUA,Chipotle Mexican Grill,"Restaurants, Mexican, Fast Food",0,1,0,0,0,1
0iLgVQpBeIYYwQZIblTTVw,Cafe 154,"Cafes, Restaurants, Cafeteria",0,0,1,0,0,1
zu4p6IZLSVn2Noto-vcwzw,East Beach Grill,"Breakfast & Brunch, Restaurants, American (Traditional)",1,1,0,0,0,0
Btm9ODncqCqYsnpawaHioA,Tyger Tyger,"Restaurants, Asian Fusion",0,0,0,0,1,0
lwbFhaGaKUtwPdaXXjy3mQ,The Waterline,"Pop-up Shops, Wine Tasting Room, Shopping Centers, Restaurants, Shopping, Food, Beer, Wine & Spirits, Arts & Entertainment, Wineries, American (Traditional)",1,0,1,1,1,0
C6AiAF35zwpAoK5jjm-nhA,Montecito Coffee Shop,"Restaurants, Breakfast & Brunch, Sandwiches, Coffee & Tea, Food",1,1,0,0,0,1
Nbht3URjeV94507do0goEw,Pressed,"Ice Cream & Frozen Yogurt, Juice Bars & Smoothies, Convenience Stores, Vegan, Food, Health Markets, Specialty Food, Restaurants",0,0,1,1,1,1
ifjluUv4VASwmFqEp8cWlQ,Marty's Pizza,"Pizza, Restaurants",0,0,0,0,0,1
PZIVcSuN-G_I6oG6EVKntQ,Anchor Woodfire Kitchen,"Italian, American (New), Restaurants",0,1,0,0,0,1
8-ZExybRuyyXZf6aESgc3g,Paseo Nuevo Shopping Center,"American (Traditional), Restaurants, Shopping Centers, Shopping, Local Flavor",1,0,0,1,0,0
U1Gc3wKN5viu_e68KJVOdQ,Wingman Rodeo - Milpas Street,"Salad, Restaurants, Vegetarian, Chicken Shop, Chicken Wings, Sandwiches, Nightlife",1,1,1,1,1,1
tyt3pz0x3ZB8GXsSx1a9Aw,Roy,"Restaurants, American (New)",0,1,0,0,0,0
PsO9LleYQJlFc_r-DJxVzg,Taco Bell,"Breakfast & Brunch, Fast Food, Tex-Mex, Restaurants, Mexican, Tacos",0,1,0,1,1,1
qx2YTFXfVDwQUfOeWCFfbw,Jersey Mike's Subs,"Delis, Restaurants, Fast Food, Sandwiches",1,0,0,0,0,1
2QvkOHC-pWGiAmvQ9xX64Q,Nardonne's La Famiglia Pizzeria,"Pizza, Restaurants, Beer, Wine & Spirits, Italian, Food, Sandwiches",1,0,0,0,1,1
wK2IixmZUOEFGz1QZqR99Q,Lovejoy's Pickle Room,"Sandwiches, Chinese, Cocktail Bars, Restaurants, Nightlife, Salad, Delis, Bars, Lounges",1,1,0,1,1,1
JxVPdQrAac7qNUnwse7xcw,L's Kitchen,"Restaurants, Sandwiches, Breakfast & Brunch, Bakeries, Food, Salad",1,1,0,0,0,1
NORF647ibBQ4U-VNMgzSLg,Oakberry Açaí Bowls and Smoothies,"Coffee & Tea, Restaurants, Cafes, Food, Acai Bowls, Juice Bars & Smoothies",0,0,1,1,0,1
VC4jqq8Hu1_RjBFt8nHD2Q,Sugar Cat Studio,"Restaurants, Food, Desserts",0,0,0,0,1,0
6smGb7xv5fDbBsLgW1WC2w,Shintori Sushi Factory,"Restaurants, Sushi Bars, Food, Specialty Food, Japanese",0,0,0,0,1,1
J52h9uXJgEKyIz0iq8S0Xw,Piano Gastrolounge,"Bars, American (New), Lounges, Nightlife, Restaurants, Gastropubs",0,1,0,1,0,0
Vt5gk5h5VlHXLu-cVKzOXw,M. Special Brewing Company,"Breweries, American (New), Arts & Entertainment, Music Venues, Restaurants, Brewpubs, Food, Nightlife",0,1,1,1,0,0
rU8HgGMR8Qd8_SkvKANdEA,iGrill Korean BBQ,"Korean, Restaurants",0,0,0,1,0,0
G9rBwcWp56C8r6ZFwVuimA,Belmond El Encanto Dining Room,"Seafood, Nightlife, Hotels, Event Planning & Services, American (New), Bars, Diners, Restaurants, Hotels & Travel, Breakfast & Brunch",1,1,0,1,1,0
c7GJVA-6lQxcH6QkrRiW0w,Hot Spots Espresso Company,"Food, Restaurants, Coffee & Tea",0,0,0,0,0,1
VJKpVv_l1g943WK6fxwZKQ,Blind Tiger,"Nightlife, Bars, American (New), Restaurants, Cocktail Bars",0,1,0,0,0,1
BdyPaxmB3O9Ngp9W09GrjA,TonyRay's Restaurant & Cantina,"Nightlife, Restaurants, Mexican, Dance Clubs",0,1,1,0,0,0
b0TBL7gSg2mduoFDgFQHoA,El Taco Tequila Taqueria,"Restaurants, Mexican",0,1,0,0,0,0
q3z5nfCo6HmXBPgJ4OXrtg,Paradise Store & Grill,"American (Traditional), Restaurants",1,0,0,0,0,0
xCbzGlxwX6QrS9t9uRcflQ,Piano Riviera Lounge,"French, Mediterranean, Restaurants",0,0,0,1,1,0
mjMJxBpW_Pg1b4duNPJsTA,Tri Tip Company,"Bars, Nightlife, Restaurants, Barbeque, American (Traditional)",1,1,0,0,1,0
dutm97q2F4a6RV6YQ0uLHw,Crush Bar and Tap,"Nightlife, Gay Bars, Wine Bars, Bars, Cupcakes, Desserts, Tapas Bars, Beer Bar, Food, Restaurants",0,1,1,1,1,1
cyaDjqjhtRbpd5Og5dFoZg,Boondocks,"Nightlife, Restaurants, Bars, Dive Bars, Cocktail Bars, Burgers, Mexican",0,1,1,0,0,1
9MsMKG0v3NstaPqKGYFVOw,Corazon Cocina,"Restaurants, Seafood, Mexican",1,1,0,0,0,0
n_RyzuCAiR4yW2JLkl0Jng,Cafe Shell,"American (Traditional), Restaurants, Cafes, Coffee & Tea, Food",1,0,0,0,0,1
iAE5tMDs1XSudlEzG-Z3aA,Spice Avenue,"Pakistani, Restaurants, Indian",0,0,0,1,0,0
B3dzK9OqrT_sN0FNQs_OgQ,Spiritland Bistro,"Restaurants, Vegetarian, French, Vegan, Seafood, Asian Fusion, Gluten-Free, American (New)",1,1,0,0,1,0
3rzlcCvPUJ56jvYWl7iGvA,Modern Times Kitchen,"Vegan, American (New), Restaurants",0,1,0,0,1,0
3cnjGli5iwGsUF06Dne9Yg,Challwa,"Restaurants, Peruvian, Pop-Up Restaurants",0,0,1,1,0,0
EoLzj1yciIjEZS9ZEJe_kQ,The Garden,"Trivia Hosts, Nightlife, Sports Bars, Beer Gardens, Event Planning & Services, Restaurants, Bars, Beer Bar",1,1,1,1,0,0
f6eBJT2jiXXBkrlHdJMbcA,Gladden and Sons Produce,"Organic Stores, Farmers Market, Specialty Food, Sandwiches, Meat Shops, Delis, Fruits & Veggies, Coffee & Tea, Grocery, Food, Restaurants",1,0,0,1,1,1
ycbmvmBYk4w_ZmdrPL0tBQ,The Cruisery,"Breweries, Nightlife, Food, Cocktail Bars, Bars, Restaurants, Brewpubs, Gastropubs",0,1,1,1,0,1
Ch6O9z9_hHDACROLTr2JUQ,European Deli Market,"Delis, Food, Restaurants, Grocery",0,0,0,0,1,1
-I7M6l0h46VdiN09Y1NUZw,Apna Indian Kitchen,"Gluten-Free, Gastropubs, Vegan, Restaurants, Indian",0,0,0,1,1,0
-BdYhP-12elmFV7oB1iv4A,Corner Tap Room,"Restaurants, Gastropubs, Cocktail Bars, Bars, American (New), Nightlife, Beer Bar, American (Traditional)",1,1,0,1,0,1
f7S0WFDy_J1TGahYhnoMLA,OPPI’Z Bistro And Natural Pizza,"Pizza, Restaurants, Italian, Vegetarian",0,0,0,0,1,1
RiOcLw__HPf_rTOTpYKnHQ,Meet Up Chinese Cuisine,"Szechuan, Chinese, Nightlife, Karaoke, Asian Fusion, Restaurants",0,1,1,1,1,0
7grEnJV48N6BxbEP3uxISA,Mr B Restaurant & Cafe,"Food, Restaurants, Middle Eastern, Cafes, Bakeries",0,0,1,0,0,1
BEzvmorW8ILha6tcSxBBwA,Valentino's Take N Bake Pizza,"Salad, Sandwiches, Restaurants, Pizza",1,0,0,0,0,1
tGQytMbOXDdZS_OSK9hkBw,Louie's California Bistro,"Restaurants, Sandwiches, American (New)",1,1,0,0,0,0
3n7VGTZQKyWycuhU_j0lqA,Alchemy Wellness Spa,"Skin Care, Cafes, Fitness & Instruction, Vegan, Vegetarian, Active Life, Restaurants, Acupuncture, Health & Medical, Massage, Day Spas, Beauty & Spas, Weight Loss Centers, Yoga",0,0,1,0,1,1
4KAuy-zNBxD9QvnkldwEww,The Marquee,"Restaurants, Bars, American (New), Nightlife, Wine Bars",0,1,0,0,0,1
jZAU0OShjmcxIhkruFlZng,Coast Restaurant & Bar,"Restaurants, Event Planning & Services, American (New), Party & Event Planning, American (Traditional)",1,1,0,1,0,0
xUd0QOyVzx9SQhWulcOPAw,Book Ends Cafe,"Restaurants, Cafes, Sandwiches",1,0,0,0,0,1
jgd4xLWZ2_YEBiQgdvwztw,The Buzz Hive,"Seafood, Nightlife, Bars, Food, Sports Bars, Restaurants",1,1,0,1,0,0
hJr6xw5Jn20ag2rHopI4eg,Deano's Pizzarama,"Restaurants, Pizza",0,0,0,0,0,1
Zqc8nrT3Z1IbQBckFuU3Fw,Matador Tapas Bar & Latin Steakhouse,"Latin American, Restaurants",0,0,0,1,0,0
1pYZMmpdy2MviWBbagMwbA,Italian & Greek Delicatessen,"Restaurants, Delis, Food, Grocery",0,0,0,0,1,1
yHtS6dj20tl3ht32w6K6Qw,Stateside Restaurant & Lounge,Restaurants,0,0,0,0,0,0
SaUbh0sMSev8gKNJYtC76g,Hob Nob,"American (New), Restaurants",0,1,0,0,0,0
zYTQOpgMSMaFNkcCAvJR3Q,Arturo's Taqueria,"Mexican, Restaurants",0,1,0,0,0,0
3-dQbvti2EpSfs9jKcyIjQ,State & A Bar and Grill,"Bars, Restaurants, Nightlife, Barbeque",0,1,0,0,1,0
yE8r8JXplgnr4XxRivkdLw,Chef Karim's Restaurant,"Moroccan, Restaurants",0,0,1,0,0,0
H5bsmYmdO3FBVQHC3jfx2g,John Dunn Gourmet Dining Room,"Diners, Restaurants",0,0,0,0,1,0
fMWi5o0U30MK2JgvRl_blA,Mama Lu,"Asian Fusion, Chinese, Restaurants",0,0,0,0,1,0
e_LmE84zjkowFcQUd4sdfw,Downtown Brewing Co,"Nightlife, Bars, Restaurants, Sports Bars, American (Traditional)",1,1,0,1,0,0
9CBW1G-JR9ioTgwFTK6kbQ,Minnow Cafe,"Restaurants, Delis",0,0,0,0,0,1
IUgQmteI-mbt_qjL2ZENKA,Epiphany Restaurant,"Restaurants, Burgers, American (New)",0,1,0,0,0,1
idi-W3_au-lXyJQmHTmhAg,Chilangos,"Restaurants, Mexican",0,1,0,0,0,0
6acxMT_WGbA-cUN5RXpIfw,Momma Donna,"American (New), Restaurants, Burgers",0,1,0,0,0,1
OODq_Mki-e929E8NfPc7-Q,Whitefoot Meat Market,"Specialty Food, Delis, Food, Restaurants, Meat Shops",0,0,0,1,0,1
0Qs-G8Xs-mz-jmQH5lez5A,Museum Cafe,"Cafes, Restaurants, Delis",0,0,0,0,0,1
gAtJa5l8DC_IEBIp7ioTMw,The New Black BBQ,"Barbeque, Street Vendors, Restaurants, Food",0,0,1,0,1,0
WQ0cLxAeRpkp6bZP89nDVg,Fat Burger Restaurants of,"Restaurants, Burgers",0,0,0,0,0,1
NTWgjXi0ggOQnTOS1bTjEw,Le Bon Cafe,"Asian Fusion, American (New), Restaurants",0,1,0,0,1,0
HA_Hks9YjRqz3Yk6JDAaIQ,Bougainvillea,"Food, Restaurants, Beer, Wine & Spirits, Italian, Pizza",0,0,0,0,1,1
7tO1ZfWN6OEo1pWtdgxfqA,The Melting Pot,"Restaurants, Fondue",0,0,1,0,0,0
M9kbUs_xPc9HnU-O6qZX1g,Lettuce B. Frank,"American (Traditional), Restaurants",1,0,0,0,0,0
QNoFrASBpqW8dzdAEIYjNQ,The Brown Pelican,Restaurants,0,0,0,0,0,0
TYVln68leW7BYuVksFyB5A,Sevilla,"Italian, American (New), Tapas Bars, Latin American, Restaurants",0,1,0,1,0,1
5YKOs_VGFHgUv7DSMLaQeA,Finestra Cafe,"Coffee & Tea, Restaurants, Food",0,0,0,0,0,1
ZRy4atrG3YHdb__qtE0FsA,Mulligan's Cafe & Bar,"American (Traditional), Event Planning & Services, Caterers, Restaurants, American (New), Cafes, Sandwiches, Breakfast & Brunch",1,1,0,0,0,1
3bZADX_g9efvqGXaAY7Kbg,Petros Restaurant,"Greek, Restaurants, Mediterranean, Food, Beer, Wine & Spirits, American (New)",0,1,1,1,1,0
MOowZBGbgn7FrTol3dvrlg,Nectar Eatery & Lounge,"Bars, American (New), Tapas Bars, Restaurants, Nightlife",0,1,0,1,0,0
gebiRewfieSdtt17PTW6Zg,Hibachi Steak House & Sushi Bar,"Steakhouses, Sushi Bars, Restaurants, Japanese",0,0,0,1,1,0
uPaVoR6XHk12KT9KTr1WFw,ASIE,"American (New), Wraps, Chinese, Sushi Bars, Barbeque, Dim Sum, Asian Fusion, Ramen, Restaurants, Noodles, Soup, Japanese, Hot Pot",0,1,1,1,1,0
IG-CwPl5mb6-hmpFjXUIvA,Choppa Poke,"Food, Live/Raw Food, Restaurants, Ice Cream & Frozen Yogurt, Asian Fusion, Poke, Seafood, Food Delivery Services",1,0,1,1,1,0
kV1u9p8AEV7ItPlgXVODxA,Thai Kitchen,"Thai, Restaurants",0,0,0,1,0,0
N-CBZKO37y_WSUN7ZMNGkg,Taqueria El Pastorcito,"Restaurants, Mexican",0,1,0,0,0,0
Umywf9wstVwg30wROIrL_Q,Oveja Blanca Restaurante,"Latin American, Salad, Food, Desserts, Restaurants",0,0,0,1,1,1
yw3vRR7XLIjEnlhMnVzR7w,Kai Sushi Shabu-Shabu,"Restaurants, Sushi Bars",0,0,0,0,1,0
3XjwPkcbuhssRwZKnoYOyQ,The Pan,"Tapas/Small Plates, Restaurants, Comfort Food",0,0,0,1,0,0
_urnEsYdKg1wt057-8yA9Q,Globe,"Bars, Pubs, Lounges, Tapas/Small Plates, Nightlife, Comfort Food, Restaurants",0,1,0,1,0,0
ctVn7wMvJX8f4Z9SnOnrHw,The Bistro,"Mediterranean, Restaurants, French, Breakfast & Brunch, American (New), Seafood, Buffets, Italian",1,1,1,1,1,1
yIAgFdYQY3UdfDn-qO0K7g,Arts & Letters Cafe,"Beer, Wine & Spirits, Food, Coffee & Tea, American (New), Restaurants, Breakfast & Brunch, Cafes, Sandwiches",1,1,0,0,1,1
22q2wGlAmJN8MkhZl2RzRw,Sakura Express,"Restaurants, Japanese",0,0,0,0,1,0
5pyYBpuNOAqgN9nSpk8vaQ,Madison's Sports Grill,"American (Traditional), Restaurants",1,0,0,0,0,0
o0AG9SfwVaZ00cURT7Q-Ag,Ruby's Diner,Restaurants,0,0,0,0,0,0
SAQgO7Ij2cdnMp8VQKBffA,Emilios Ristorante & Bar,"Italian, Restaurants",0,0,0,0,0,1
OyFxR5E2HBy-K2-0AxCtFg,Domino's Pizza,"Pizza, Sandwiches, Chicken Wings, Restaurants",1,0,0,1,0,1
9L-MR0arflwFMF9szEBOOg,California Wine Festival,"Wineries, Food, Restaurants, Arts & Entertainment, Festivals, Food Stands",0,0,1,1,0,0
nkLla0nBTUPL6yj-zX6eaw,Cafe del Sol,"American (Traditional), American (New), Restaurants, Mexican",1,1,0,0,0,0
TSwMwVq5GtQh5LW2t32uGA,Woody's Roundup Bar & Grill,"Barbeque, Bars, Restaurants, Nightlife",0,1,0,0,1,0
WrU1ZYN4jlYcL5mvJrQsCQ,Night Lizard Brewing Company,"Food, Breweries, Beer Gardens, Mediterranean, Nightlife, Restaurants",0,1,1,1,0,0
yuHv4P8RUG8rWKnx50azWA,Alchemy Cafe,"Restaurants, Gluten-Free, Vegetarian, Live/Raw Food",0,0,0,1,1,0
q6661I3CGW0UB740E5Zjfw,India House,"Home & Garden, Home Decor, Restaurants, Shopping, Indian",0,0,1,1,0,0
Gl3XO4ECKKli8-bKKdkkYA,KFC,"Chicken Wings, Restaurants, Fast Food, Chicken Shop",0,0,1,1,0,1
cJjzBIPfMmps5NhNowKPpA,Norton's Pastrami and Deli,"Sandwiches, Food, Delis, Restaurants",1,0,0,0,0,1
2OJqIloZMAZXCW3uzF8jJw,El Sitio,"Ethnic Food, Restaurants, Mexican, Specialty Food, Imported Food, Food",0,1,1,0,0,1
D-1BoOczhXGgwhBOR5v-nQ,Little Alex's,"Restaurants, Mexican",0,1,0,0,0,0
WxAIpTgD1tK_DgzwQ3Dgww,Mi Fiesta Market Deli,"Restaurants, Convenience Stores, Food, Grocery",0,0,1,0,1,0
h8DlM-VbvCNzpsTqihgUAw,Jack in the Box,"Restaurants, Fast Food, Mexican, Burgers, Tacos, Breakfast & Brunch",0,1,0,0,1,1
uriD7RFuHhLJeDdKaf0nFA,Pizza Guru,"Restaurants, Pizza, Food",0,0,0,0,0,1
GgcvRnt5_z3NEC0D6vNncQ,Cafe Buenos Aires,"Restaurants, Argentine",0,0,1,0,0,0
L8rhRyXtpq2nCE0il1KN_g,Coral Tree Cafe,"Cafes, Burgers, Sandwiches, Restaurants",1,0,0,0,0,1
0jpFptAehZhLl3nkhHDanA,Belmond El Encanto,"Restaurants, Event Planning & Services, Hotels, Hotels & Travel",1,0,0,1,0,0
_ywevgEtI1SpZBtY3rILRg,Isabella Gourmet Foods,"Restaurants, Food, Specialty Food, Farmers Market, Grocery, Health Markets",0,0,0,1,1,1
2nF2syYoD5VBFk01le6NkA,Montecito Deli & Catering,"Delis, Restaurants",0,0,0,0,0,1
ut45DX7-QaOWLzYRlBSbGA,Blue Agave,"Restaurants, Mexican, American (New)",0,1,0,0,0,0
Js3m_GdqNUGnEgXJ8WMtfQ,Hana Kitchen,"Bubble Tea, Restaurants, Food, Asian Fusion, Vegan, Acai Bowls",0,0,1,0,1,0
NynM3SwsOMFJryABCKuOlg,All India Cafe,"Restaurants, Indian, Pakistani",0,0,0,1,0,0
hLUqElKTjOzpt_ZXkWVuiA,Montecito Cafe,"Seafood, American (New), Italian, Restaurants",1,1,0,0,0,1
FyK0sYez1ImnovyzJ_iGZw,East,"Thai, Restaurants, Japanese",0,0,0,1,1,0
ALMuGwPnbAVc4SIbcmQmcA,Santa Barbara Bay Cafe,"Seafood, Restaurants",1,0,0,0,0,0
KU4zXPo6v8c3N_l14wivQA,Jade Restaurant,"Restaurants, Asian Fusion",0,0,0,0,1,0
OPQkUsUdLN_PPAW6IyEJLQ,Chino's Rock & Tacos,"Mexican, Restaurants",0,1,0,0,0,0
R6NxHoRRK5Y4ishGsLrGwA,Restaurant Mimosa,"Restaurants, French, American (New)",0,1,0,0,1,0
AV3XPH1iv8PKSO6mrnYgLg,Pearl Social Santa Barbara,"Bars, Cocktail Bars, American (Traditional), Restaurants, Nightlife",1,1,0,0,0,1
NWwVZnCb8-Oh9QWWAb2T2Q,Somerset,"American (New), Bars, Restaurants, Lounges, Nightlife",0,1,0,1,0,0
AoBQeAvMtTOYTx-hThDLZA,Killer B's BBQ Bar and Grill,"Sports Bars, Bars, Barbeque, Nightlife, Restaurants",0,1,0,1,1,0
N12Pwub9Tj-5AhuPfbj-Mg,Big Joe's Tacos,"Food Trucks, Event Planning & Services, Mexican, Street Vendors, Caterers, Restaurants, Food",1,1,1,0,1,1
u9oG6CVhS9dJR5ZHS5q23A,The Little Things Bakery,"Patisserie/Cake Shop, French, Food, Restaurants, Bakeries, Cupcakes",0,0,1,1,1,1
EBuSqlpzzyfZZkEgPxVV1Q,Wingstop,"Chicken Wings, Restaurants",0,0,0,1,0,0
AqOSpSqdocwtIjqTECW2ng,Broad Street Oyster Company,"Fish & Chips, Seafood, Restaurants",1,0,0,1,0,0
LwCcNUqX-BEMBd6Xj-JlvA,Los Gallos,"Restaurants, Mexican",0,1,0,0,0,0
nhOMsw22-rz9kXSKwBZYAQ,Miracle At The Funk Zone,"Restaurants, Pop-Up Restaurants, Bars, Cocktail Bars, Local Flavor, Nightlife",0,1,0,1,0,1
_Uyinj5wLMJ7x2cCfHO1Yg,Bristol Farms - Santa Barbara,"Food, Beer, Wine & Spirits, Specialty Food, Delis, Grocery, Restaurants",0,0,0,0,1,1
49Sy1N3MTnK6Eslh1tgZQQ,Matty's Hot Chicken,"Restaurants, Pop-Up Restaurants",0,0,0,1,0,0
fHUAs1ec568wu-a_mRq7Rw,Jack in the Box,"Restaurants, Fast Food, Tacos, Breakfast & Brunch, Burgers, Mexican",0,1,0,0,1,1
12Gc4OFQ-WAW0fAk2hRZuQ,Kin Bakeshop,"Pop-Up Restaurants, Restaurants, Food, Donuts",0,0,0,1,0,0
od_MWVpghkvSsl1HKasM9A,Blenders In the Grass,"Restaurants, Juice Bars & Smoothies, Food",0,0,0,1,0,0
OdRkeCycTpMRow9XUXVNWw,Taco Bell,"Fast Food, Restaurants, Tex-Mex, Mexican",0,1,0,1,0,1
Vs1GKzhgYLBthayVNuIbGA,La Rumba Bar and Grill,"Dance Clubs, Karaoke, Nightlife, Restaurants, Bars, American (New), Mexican",0,1,1,0,0,0
JWFpjvCc_nkNDVtMPx1ZGg,Bogo SB,"Food, Food Delivery Services, Burgers, Pizza, Caterers, Event Planning & Services, Restaurants",1,0,0,1,0,1
auh2m1mJ2ORJxpmPUJ9SYg,Ultimate Bagels,"Bagels, Restaurants, Breakfast & Brunch, Food",0,1,1,0,0,0
1ONK4BD8Fuh1mfBCrB2aOQ,Crazy Jim's Tacos Y Más,"Tex-Mex, Mexican, Tacos, Restaurants",0,1,0,1,1,0
JpwG8sDNsHuD0f6NF6YuGw,Rusty's Pizza Parlor,"Restaurants, Pizza",0,0,0,0,0,1
pyFEy1qXkmYJDHxVvpK7cA,New Si Chuan Garden,"Chinese, Restaurants, Szechuan",0,0,0,1,1,0
sZHLbLnw1vwHF1xDzuV1iw,Foley Food and Wine Society Tasting Room,"Wine Tasting Room, Tasting Classes, Bars, Wineries, Wine Bars, Tours, Food, Education, Wine Tasting Classes, Restaurants, Hotels & Travel, Nightlife, Barbeque, Wine Tours, Arts & Entertainment",0,1,1,1,1,1
P5cgKbK-cQqqZj0I3_DW0g,Roost,"American (New), Steakhouses, Tacos, Mexican, Seafood, Restaurants",1,1,0,1,1,0
E1b_hNr22N2wGkq5Z9fmHw,Juice Ranch,"Restaurants, Food, Live/Raw Food, Juice Bars & Smoothies, Vegan",0,0,0,1,1,0
tSmUxIto8yAqijDgsjLBRQ,South Coast Deli - Santa Barbara,"Salad, Sandwiches, Restaurants",1,0,0,0,0,1
qvXw3V4_9Pu4E7Qoi7-cKA,Fala Bar,"Restaurants, Vegan, Gluten-Free, Falafel, Mediterranean, Salad, Sandwiches",1,0,1,1,1,1
9jEv_7tueRJdV5CZwVcwPg,PokeCeviche,"Asian Fusion, Seafood, Restaurants, Poke, Food",1,0,1,0,1,0
ZY4M_fKW8aSUpsUzeh5fuA,Elements Restaurant and Bar,"Bars, Restaurants, American (New), Nightlife",0,1,0,0,0,0
BensdYRuR-zra1g3nBJFXQ,La Casa De Maria,"Health Retreats, Venues & Event Spaces, Hotels & Travel, Restaurants, Event Planning & Services",1,0,1,1,0,0
c1xuic_qvUfSIr-if6nSUQ,Relais de Paris,"French, Food, Restaurants",0,0,0,0,1,0
5dGu7C1UEPLs_FIj_Qin0g,Santa Barbara Organic Kitchen,"American (New), Vegetarian, Restaurants",0,1,0,0,1,0
GwtVBqKzW9j0zNQ7nYnT5g,AH Juice Organics,"Organic Stores, Breakfast & Brunch, Live/Raw Food, Juice Bars & Smoothies, Food, Restaurants",0,1,0,1,0,0
kwtKZ3fzM5jlR8Z7KIA17g,Backstage Dueling Piano Bar,"Restaurants, Nightlife, Bars, Food, American (New), Piano Bars, Beer, Wine & Spirits, Cocktail Bars",0,1,1,0,1,1
-ALqLSTzkGDMscHdxA1NgA,Su Casa Fresh Mexican Grill,"Mexican, Restaurants",0,1,0,0,0,0
sCJEbsv0KEsx_IifiFjGDQ,CHOMP on the Rocks,"American (Traditional), Restaurants, Burgers",1,0,0,0,0,1
vsrryxBR2Jykl71qa1H6SQ,Caffe Primo,"Tapas/Small Plates, Nightlife, Pubs, American (New), Wine Bars, Restaurants, Italian, Coffee & Tea, Bars, Food",0,1,0,1,0,1
1lwulkAD5htni3rbHW8oeg,Subway,"Restaurants, Sandwiches, Salad, Fast Food",1,0,0,0,0,1
CwL56LgcMz7Bvi4xODHVSw,La Arcada Bistro,"Coffee & Tea, Food, American (Traditional), Gluten-Free, Restaurants, Breakfast & Brunch, Bakeries",1,1,0,0,1,1
lq7dE9c10OvRfd_edJoyMg,Due Lune Cucina,"Restaurants, Italian",0,0,0,0,0,1
WuaB_R6EOFp0S8D5C8eKYw,Sublime,"Restaurants, Home Services, American (New), Contractors",0,1,1,0,0,0
hrEtM0WMgwhv19mzVnKiJQ,Magic Pita Cafe,"Restaurants, Food, Cafes, Mediterranean, Middle Eastern",0,0,1,1,0,1
ZJzlns_dFkapVajmdFHGuw,Embermill,"Caribbean, Restaurants, Gluten-Free, Cajun/Creole, Vegan",0,0,1,0,1,0
OMWhamtXhqlYCj66MqcxuQ,Aksum Restaurant,"Ethiopian, Soul Food, Restaurants, Comfort Food",0,0,1,1,0,0
4sOLSCiwSdHhzcXC9Sd0xQ,Northstar Coffee,"Coffee & Tea, Food, Sandwiches, Restaurants",1,0,0,0,0,1
6HKIfenWg3zt2CYx4D5r_Q,Tepeyac Taquitos,"Mexican, Restaurants",0,1,0,0,0,0
zVwnTKz7JIOoN-MbbQMzYA,Eat This Shoot That!,"Wine Tours, Food Tours, Tours, Restaurants, Food, Arts & Entertainment, Hotels & Travel, Walking Tours",0,0,1,1,0,0
C-zgOpqD2K0xDJU4ty7zKg,Honor Market,"Food, Restaurants, Cafes, Coffee & Tea, Beer, Wine & Spirits, Pizza",0,0,0,0,1,1
nx01nL2of3ngBwA6XZYqEg,Hotdog Mini Mart,"Food, Beer, Wine & Spirits, Hot Dogs, Restaurants",0,0,0,1,1,0
uQSCNdPI0dC_sPsOh1U8NQ,McDonald's,"Restaurants, Food, Fast Food, Burgers, Coffee & Tea",0,0,0,0,0,1
0m0SQSIzM9WcDhJ7UEVCLQ,Ty Lounge,"Bars, Nightlife, Tapas/Small Plates, Tapas Bars, Restaurants, Lounges",0,1,0,1,0,0
sjWf71VmU5HIwqX8RGCLJw,Riviera Bar,"Cocktail Bars, Wine Bars, Nightlife, Bars, Beer Bar, Restaurants",0,1,0,1,0,1
9Ujw_PoR_Vv67gf4vsAk-g,Giovanni's,"Pizza, Restaurants",0,0,0,0,0,1
T2otvNcawDSkhykOG2tOLA,IHOP,"American (Traditional), Breakfast & Brunch, Restaurants, American (New), Burgers",1,1,0,0,0,1
XYxSB4DQ48O7J6AsnS-Ddg,State Street Wine Bistro,"Restaurants, American (New)",0,1,0,0,0,0
e63pcbZaXxSY_YyhBol-bw,The Roundhouse,"Restaurants, Breakfast & Brunch, American (Traditional)",1,1,0,0,0,0
LEo6sBsQz3xrpKW-DQjTWQ,Panda Express,"Restaurants, Chinese, Fast Food",0,0,0,0,1,1
rlfWeYI1SLvC8ZKM_OvXWA,A Slice of Woodstock's,"Pizza, Gluten-Free, Restaurants, Event Planning & Services, Caterers",1,0,0,0,1,1
UAy8Qc_T0CuHxQRiUMNN4g,La Salsa,"Salad, Mexican, Restaurants",0,1,0,0,0,1
LsniEK_m_Jbj7JMbT4eRxQ,101 Deli,"Delis, Restaurants",0,0,0,0,0,1
-nwNPb3G-0L95igrhkvMtw,Panda Express,"Restaurants, Fast Food, Chinese",0,0,0,0,1,1
okc-iCgWvKGa1DfQSOh1Ig,Milpas Taqueria,"Mexican, Restaurants",0,1,0,0,0,0
LtxG9DTXCFpteVkD4SGBlw,Sevtap Winery Tasting Room,"Wine Tasting Room, Jazz & Blues, Tapas Bars, Wineries, Food, Wine Bars, Champagne Bars, Music Venues, Arts & Entertainment, Restaurants, Bakeries, Bars, Nightlife",0,1,0,1,0,1
2pBNVsJo3a3CPbInUu9lvQ,Char West,"Restaurants, Fish & Chips, Food, Seafood, American (Traditional), Fast Food, Coffee & Tea, Breakfast & Brunch",1,1,0,1,0,1
zE8kXF0_2Twh4AhcewlFGw,Tsukemono,"Sushi Bars, Japanese, Restaurants",0,0,0,0,1,0
2QaNH5-RCRNIkToUOBc22Q,La Salsa Fresh Mexican Grill,"Mexican, Fast Food, Tex-Mex, Restaurants",0,1,0,1,0,1
iBGR1hX6To3FGtCgCgDtqQ,Feast and Fest Catering,"Restaurants, Barbeque, Food, Caterers, Event Planning & Services",1,0,0,0,1,1
xUkr5K9vgjzvLCZBYFZ3Vg,Si Senor Taco's,"Mexican, Food, Food Trucks, Beer, Wine & Spirits, Restaurants",0,1,0,0,1,0
EWl5aixg4hCcuVYpz4BLKQ,Cafe Los Arcos,"American (Traditional), Restaurants",1,0,0,0,0,0
VhH_MGOiWsMVOJk1LHFVXw,Rudy's Mexican Restaurant & Take Out,"Restaurants, Mexican",0,1,0,0,0,0
j8tjQlMu3I-qia241vTEXw,O Street Truck,"Event Planning & Services, Food Stands, French, Restaurants, Caterers, Food, Food Delivery Services",1,0,1,1,1,1
QS0a4snAEc-zdLeLIgTaHg,Delicious Expressions,"Caterers, Restaurants, Desserts, Bakeries, Event Planning & Services, Gluten-Free, Food, Cupcakes",1,0,0,1,1,1
k3lTRgvPvYUI-cX7_TAqNA,University Club of Santa Barbara,"Restaurants, Event Planning & Services, Party & Event Planning, Food, Venues & Event Spaces, Arts & Entertainment, Social Clubs, Specialty Food",1,0,1,1,0,1
ZCURd9PiH4qdEjQfrIZzFg,Maggie's at State and A,"American (New), Beer, Wine & Spirits, Food, French, Restaurants",0,1,0,0,1,0
W5-2F8kftKARrEPLhQaZ8A,Tuttini,"American (New), Restaurants, Breakfast & Brunch",0,1,0,0,0,0
Lj1goFC0ar8bfmsoHhGVbg,Taco Tuyo,"Food Trucks, Food, Food Delivery Services, Tacos, Mexican, Event Planning & Services, Restaurants, Vegan, Caterers",1,1,0,1,1,1
jfRq1KtjEGyPoMo9HZVw2Q,The Set,"American (Traditional), Restaurants, Bars, Cocktail Bars, Nightlife, American (New), Sandwiches",1,1,0,0,0,1
WIH1ptTMD7aII_qfeVeaRg,El Rincon Alteno,"Mexican, Restaurants",0,1,0,0,0,0
wrtx446YNQoQa5U7UI6j5w,Chad’s,"Restaurants, American (New)",0,1,0,0,0,0
XkveGZ8pr9TL5bZCqmzuhA,Hustle & Grind Coffee Company,"Coffee & Tea, Food, Ice Cream & Frozen Yogurt, Restaurants, Cafes",0,0,0,1,0,1
noiUCN8A9Vdm9pUbWX6K-w,Tydes Restaurant,"Seafood, American (New), Salad, Restaurants, Sandwiches",1,1,0,0,0,1
pUeTnGsnVi-H8RJ6prFFgw,Little Caesars Pizza,"Restaurants, Pizza",0,0,0,0,0,1
Tc1L4BH_2pkCywkAEfCQRg,Burger Express,"Burgers, Restaurants, Mexican",0,1,0,0,0,1
PilMA5jBSjfh2rlCLG50Cw,Blue Corn Tacos Catering,"Restaurants, Tacos, Mexican, Event Planning & Services, Food, Food Trucks, Caterers",1,1,0,0,1,1
n6reYUBVF9buglcojgB0FQ,Harbor Market & Deli,"Restaurants, Delis, Food, Grocery",0,0,0,0,1,1
UCf1qieF9Lss61Te-Qnacg,Sushi Cafe,"Sushi Bars, Restaurants",0,0,0,0,1,0
LMm555z8BReDxgkpF_TEug,Park Place Deli,"Delis, Restaurants, Coffee & Tea, Food, Salad",0,0,0,0,0,1
ixROUxJqrczeYUT0z0MCHg,Taste Wine Bar & Retail Shop,"Shopping, Food, Arts & Entertainment, Restaurants, Beer, Wine & Spirits, Bars, Wineries, Nightlife, Wine Bars",0,1,0,1,1,1
cCi63HyU5XtjCaCVw0qJCw,M Kitchen,"Restaurants, American (Traditional)",1,0,0,0,0,0
mYofSuxrIrPS2Gjsu-ZI4w,Eller's Donut House,"Donuts, Restaurants, Food",0,0,0,1,0,0
aYMpjij5ShtEoZueMrQPRw,The Mill,"Breweries, Shopping, Food Court, Food, Venues & Event Spaces, Restaurants, Event Planning & Services, Wineries, Wine Tasting Room, Arts & Entertainment, Shopping Centers",1,0,1,1,0,0
zZrDoiQIUmiVkifJx0h_KA,Old Town Coffee Downtown,"Coffee & Tea, Cafes, Restaurants, Food",0,0,0,0,0,1
GBD-YjcOD1nG0wv4L0Lvfg,Venus in Furs,"American (Traditional), Restaurants, Wine Bars, Pizza, Cocktail Bars, Bars, Vegan, Nightlife",1,1,0,0,1,1
07yUvKzFb-yPzJKoT0zamQ,Piranha Restaurant & Sushi Bar,"Restaurants, Sushi Bars",0,0,0,0,1,0
DEegOHB-VnPXsptrCf3qMA,Mac's Grog N Groc,"Food, Mexican, Restaurants, Grocery",0,1,0,0,1,0
hYlAyz4RM1kE7ErPhPQ2xw,Rancho San Marcos Golf Course,"Barbeque, Golf, Active Life, Restaurants",0,0,1,0,1,0
rxH22mT81ht_n3cGTbWi4A,Beans BBQ and Catering,"Wedding Planning, Barbeque, Event Planning & Services, Restaurants, Caterers, Personal Chefs",1,0,1,0,1,1
VciWUuWgNshjkRDPHiFCoQ,Subway,"Sandwiches, Breakfast & Brunch, Restaurants, Fast Food",1,1,0,0,0,1
eUIsUpG6KAonYxGoExzy2Q,Costa Kitchen & Bar,"Italian, Restaurants, American (New), Mediterranean",0,1,0,1,0,1
5p_14QRkLFd6QyhpPzfW3A,Left At Albuquerque,"Tex-Mex, Restaurants",0,0,0,1,0,0
h7felG8kSEuYpkYBhMwCmA,Q's Billiard Club & Sushi-a-go-go,"Restaurants, Sushi Bars",0,0,0,0,1,0
i3pBufSYEgx3_nLxxRrtGg,Maeda Restaurant,"Restaurants, Japanese",0,0,0,0,1,0
JB5tlC_7u5IHT2Z_GHN-qw,Daily Greenz,"Salad, Restaurants, Event Planning & Services, Food Delivery Services, Personal Chefs, Caterers, Food",1,0,1,1,0,1
u3uB0GD7cVf5NC-AFHdwnQ,Golden Line Coffee Bar,"Pop-Up Restaurants, Coffee & Tea, Food, Restaurants",0,0,0,1,0,1
wEWy_NbtwcgNY2dKEmnACA,Rocks,Restaurants,0,0,0,0,0,0
nTZuJSfwCoNOyA1yS3rbOQ,The Silver Bough,"American (New), Restaurants",0,1,0,0,0,0
NcPL-huY-Ac2VjkZ5KsSRQ,Saigon In and Out,"Restaurants, Vietnamese, Sandwiches",1,0,0,1,0,0
9JR9Ht6IX1r2jPPG689JyA,Subway,"Sandwiches, Restaurants, Fast Food",1,0,0,0,0,1
LgSEHsI9DKyeGVGtn61tEg,Ana's Taco Bar,"Restaurants, Mexican, Burgers",0,1,0,0,0,1
Nv6ruFQa6AG6g8f-_IxFCw,Alito’s,"New Mexican Cuisine, Restaurants, Mexican",0,1,1,0,0,0
NAWO3P0rl396h0kdRXwuFA,JSB Cafe at Santa Barbara City College,"American (Traditional), Restaurants",1,0,0,0,0,0
Gj6qT1khVT0h0gHGuKeHxQ,Rice Garden,"Fast Food, Caterers, Chinese, Szechuan, Event Planning & Services, Restaurants",1,0,0,1,1,1
1wvYBjX6radqmb_k0Fv_Ug,Palihouse Santa Barbara,"Hotels & Travel, Event Planning & Services, Cafes, Restaurants, Hotels",1,0,0,1,0,1
kfK0iQyhLIN3gOIzbLYwFw,Ruby's Cafe Santa Barbara,"Mexican, Restaurants",0,1,0,0,0,0
Qfb1ZgV43eHTZeR4x5fAUA,Verdé,"Spanish, Tapas/Small Plates, Tex-Mex, Restaurants, American (New), American (Traditional), Mexican",1,1,1,1,0,0
oYireVavpwflbyWes2BsqQ,Pueblo Pollo,"Restaurants, New Mexican Cuisine, Mexican, Fast Food",0,1,1,0,0,1
FYc3iwBUhGhxJAtJ6oRvJQ,Carl's Jr.,"Restaurants, Fast Food",0,0,0,0,0,1
4haTJpBzX-7ilN77LWAIDw,California Crisp Cafe,"Pizza, Sandwiches, Restaurants",1,0,0,0,0,1
RHgj2ssSXnS0VA7DRvKomg,Sage & Onion,"American (New), Restaurants",0,1,0,0,0,0
NNfsMie_xMUAnf4eKoQ64g,Maudet's,"Restaurants, Creperies, Food, Specialty Food, Professional Services, Desserts, Wholesalers",0,0,1,0,1,1
upxQiiUF-6NM9jOJCxS_hg,Hennings Cake Boutique,"Bakeries, Food, Restaurants, Coffee & Tea, Cafes, Breakfast & Brunch",0,1,0,0,0,1
UQZe-qWOpGiyEPsTUko5Rg,Rascal's Vegan Food,"Restaurants, Vegan",0,0,0,0,1,0
PBXFaKio7FJ-4JehJGh_gg,Fattes Pizza,"Pizza, Restaurants",0,0,0,0,0,1
svKDkmALJNcToJxEsU_bpw,Barcliff & Bair,"American (Traditional), Restaurants",1,0,0,0,0,0
BseHdXex5Od2Or_TyUIoWQ,Courthouse Tavern,"Restaurants, Bars, Nightlife, American (New), American (Traditional)",1,1,0,0,0,0
pQ7eCSOtLI3CaZX-TEvX4A,Whale Tail Deli,"Delis, Restaurants",0,0,0,0,0,1
Hlzn3A-B2-Q1xj3FHe_D0A,Jake's Cottage Cuisine Cafe,Restaurants,0,0,0,0,0,0
-veGIq3SvwFMi5ZwMSIqkg,Red Sand Market and Deli,"Delis, Food, Beer, Wine & Spirits, Convenience Stores, Grocery, Restaurants",0,0,1,0,1,1
pC0vDDpl_2ue3HGAmGpMSg,Ridley-Tree House Restaurant,"Fast Food, Restaurants",0,0,0,0,0,1
jfW3_wYOj09pCOHJQB74_w,AR Catering,"Mexican, Tacos, Restaurants, Barbeque, Food Delivery Services, Food Trucks, Food, Event Planning & Services, Caterers",1,1,0,1,1,1
XXsofYxziipczzc3OFDD5Q,Caffè,"Cafes, Restaurants, Bakeries, Coffee & Tea, Juice Bars & Smoothies, Food",0,0,0,1,0,1
v5M6gYtiaGG5zuvAVSxNTA,Pizza by the Slice,"Pizza, Restaurants",0,0,0,0,0,1
PrJEYGjlhaF0BSZk_Q-uPg,El Pastorcito,"Mexican, Restaurants",0,1,0,0,0,0
pGtaxpSxxpmqPs6FAR1W_A,A Piece of Cake,"Food, Restaurants, Bakeries, Desserts",0,0,0,0,1,1
8QvcM8Nvwite-DOgdYllOw,California Wood-Fired Catering,"Food Trucks, Event Planning & Services, Pizza, Restaurants, Caterers, Food",1,0,0,0,1,1
3czlT5lRF9uKmGZ2rknJqA,Santa Barbara Tamales To Go,"Restaurants, Mexican",0,1,0,0,0,0
zV71Cfo4_jnkpr5_KH2HWw,The Zia Cafe,"Restaurants, Tex-Mex, Mexican",0,1,0,1,0,0
HrsWLRW7sPxjeC_hDA0Diw,Santa Barbara's Wood Fired Pizza,"Food, Sandwiches, Food Delivery Services, Pizza, Restaurants, Italian",1,0,0,1,0,1
Dp9Jxlocw7cnos9fE7HKIQ,Jack's Bistro & Bagels,"Restaurants, Sandwiches, Breakfast & Brunch",1,1,0,0,0,0
6RBrYMiAf8jFJI4fDoQpcw,De La Guerra Dining Commons,"Cafeteria, Cafes, American (New), Restaurants, Sandwiches, Pizza, Mexican",1,1,1,0,0,1
d1sY9JkgkGt3_P2fWZ2eFw,Apero,"Burgers, Restaurants, Tapas Bars, Belgian, Bars, Food, Beer, Wine & Spirits, Nightlife",0,1,1,1,1,1
pBPfWo_WfHVVkSKD_P3osg,Lucca Truck,"Restaurants, Event Planning & Services, Caterers, Pizza, Food Trucks, Food",1,0,0,0,1,1
acqDz7WDsCS3WiLxHVceOg,Café Lido,"Italian, Cafes, Mediterranean, Restaurants",0,0,0,1,0,1
vyxxsn2l6ELF2Yoxr6BWcw,Westmont Dining Commons,"American (Traditional), Buffets, Food Court, Restaurants",1,0,1,0,0,0
